run_id,model_type,checkpoint,state_id,solver_value,num_optimal_actions,num_valid_proofs,concept,relation,policy_top1_correct,policy_optimal_mass,policy_entropy,value_prediction,value_error,graph_critical_mass,graph_best_valid_proof_mass,graph_precision_at_k,graph_recall_at_k,graph_auprc,random_critical_mass,structural_critical_mass,per_head_metrics_json,mcts_selected_optimal,mcts_optimal_mass,mcts_entropy,search_gain_optimal_mass,mcts_value_convention_version,q_perspective,semantic_view,policy_logit_contribution,channel_output_norm
h1_mvp_seed7,rgat,results/rgat/model.pt,1559aaca170f0da6,1,2,2,immediate_win,diagonal_up,0,0.23608553409576416,2.1713233298770938,0.0897132009267807,0.9102867990732193,0.028571428595757,0.028571428595757,0.0,0.0,0.03131036510172792,0.02991012319112732,0.02857142857142857,"{""0"":{""mass"":0.02857142851668961,""precision_at_k"":0.0,""recall_at_k"":0.0,""auprc"":0.03192785688398175,""critical_edges"":6.0},""1"":{""mass"":0.028571428808630728,""precision_at_k"":0.0,""recall_at_k"":0.0,""auprc"":0.03119193933612092,""critical_edges"":6.0},""2"":{""mass"":0.02857142864441385,""precision_at_k"":0.0,""recall_at_k"":0.0,""auprc"":0.03177682198252446,""critical_edges"":6.0},""3"":{""mass"":0.028571428413293798,""precision_at_k"":0.0,""recall_at_k"":0.0,""auprc"":0.031901086931289416,""critical_edges"":6.0}}",1,0.9399999976158142,0.5664873382609724,0.70391446352005,2,player_who_selects_action_at_parent,,,
h1_mvp_seed7,rgat,results/rgat/model.pt,a7359cadc492ae4c,1,4,5,immediate_win,vertical,1,0.5933020710945129,1.9383554366592328,0.08819857239723206,0.9118014276027679,0.025004165197856323,0.025004165197856323,0.0,0.0,0.03247195871209796,0.02536998342065582,0.025,"{""0"":{""mass"":0.024998006432184576,""precision_at_k"":0.0,""recall_at_k"":0.0,""auprc"":0.03007466692560422,""critical_edges"":6.0},""1"":{""mass"":0.02501058772207208,""precision_at_k"":0.0,""recall_at_k"":0.0,""auprc"":0.03584626698027433,""critical_edges"":6.0},""2"":{""mass"":0.02500640135791438,""precision_at_k"":0.0,""recall_at_k"":0.0,""auprc"":0.03256536221930655,""critical_edges"":6.0},""3"":{""mass"":0.02500166527926709,""precision_at_k"":0.0,""recall_at_k"":0.0,""auprc"":0.03063044232282101,""critical_edges"":6.0}}",1,0.9399999380111694,1.5507245419325333,0.3466978669166565,2,player_who_selects_action_at_parent,,,
h1_mvp_seed7,rgat,results/rgat/model.pt,b4042b01dc34290f,1,2,2,immediate_win,diagonal_down,0,0.32407015562057495,1.5642273919426013,0.09225922077894211,0.9077407792210579,0.028571428537976985,0.028571428537976985,0.16666666666666666,0.16666666666666666,0.03532693796855941,0.02643888801839841,0.02857142857142857,"{""0"":{""mass"":0.028571428802548624,""precision_at_k"":0.16666666666666666,""recall_at_k"":0.16666666666666666,""auprc"":0.03592707989525279,""critical_edges"":6.0},""1"":{""mass"":0.02857142857142857,""precision_at_k"":0.16666666666666666,""recall_at_k"":0.16666666666666666,""auprc"":0.0350564200866713,""critical_edges"":6.0},""2"":{""mass"":0.02857142855926436,""precision_at_k"":0.16666666666666666,""recall_at_k"":0.16666666666666666,""auprc"":0.034519360272037676,""critical_edges"":6.0},""3"":{""mass"":0.028571428218666386,""precision_at_k"":0.16666666666666666,""recall_at_k"":0.16666666666666666,""auprc"":0.034644546047691745,""critical_edges"":6.0}}",1,0.8999999761581421,1.0524059678947326,0.5759298205375671,2,player_who_selects_action_at_parent,,,
h1_mvp_seed7,rgat,results/rgat/model.pt,61aeded89741679b,1,4,4,immediate_win,vertical,1,0.5429199934005737,2.06911158661953,0.21804973483085632,0.7819502651691437,0.025003837904502505,0.025003837904502505,0.0,0.0,0.03428930413194017,0.027483044575966578,0.025,"{""0"":{""mass"":0.02498881950439662,""precision_at_k"":0.0,""recall_at_k"":0.0,""auprc"":0.03218394397459189,""critical_edges"":6.0},""1"":{""mass"":0.025003048825482693,""precision_at_k"":0.0,""recall_at_k"":0.0,""auprc"":0.03286698007440098,""critical_edges"":6.0},""2"":{""mass"":0.025032564832758283,""precision_at_k"":0.0,""recall_at_k"":0.0,""auprc"":0.03551357887502466,""critical_edges"":6.0},""3"":{""mass"":0.024990918455352285,""precision_at_k"":0.0,""recall_at_k"":0.0,""auprc"":0.03078489394381036,""critical_edges"":6.0}}",1,0.9599999785423279,1.3272735142474146,0.41707998514175415,2,player_who_selects_action_at_parent,,,
h1_mvp_seed7,rgat,results/rgat/model.pt,bec4675552dbe86b,1,2,3,immediate_win,horizontal,1,0.24472282826900482,2.274262022760022,0.21733787655830383,0.7826621234416962,0.024996589914490285,0.024996589914490285,0.0,0.0,0.10487689878187405,0.026718677095001083,0.025,"{""0"":{""mass"":0.025010234851961525,""precision_at_k"":0.0,""recall_at_k"":0.0,""auprc"":0.10919204172156421,""critical_edges"":6.0},""1"":{""mass"":0.02501543972640901,""precision_at_k"":0.0,""recall_at_k"":0.0,""auprc"":0.10964473660899421,""critical_edges"":6.0},""2"":{""mass"":0.024979136751099792,""precision_at_k"":0.0,""recall_at_k"":0.0,""auprc"":0.10544267391179006,""critical_edges"":6.0},""3"":{""mass"":0.024981548328476953,""precision_at_k"":0.0,""recall_at_k"":0.0,""auprc"":0.1042837714243578,""critical_edges"":6.0}}",1,0.9200000166893005,0.3896729001533558,0.6752771735191345,2,player_who_selects_action_at_parent,,,
h1_mvp_seed7,rgat,results/rgat/model.pt,66c00e0e01b84dee,1,2,2,immediate_win,horizontal,1,0.27180930972099304,2.1765824924119475,0.08726892620325089,0.9127310737967491,0.02499578271194116,0.02499578271194116,0.0,0.0,0.10520079273256895,0.02712468013123334,0.025,"{""0"":{""mass"":0.02499683585549969,""precision_at_k"":0.0,""recall_at_k"":0.0,""auprc"":0.10580943462243596,""critical_edges"":6.0},""1"":{""mass"":0.02499451809695322,""precision_at_k"":0.0,""recall_at_k"":0.0,""auprc"":0.10513985565671186,""critical_edges"":6.0},""2"":{""mass"":0.025000746973923276,""precision_at_k"":0.0,""recall_at_k"":0.0,""auprc"":0.10684292481275387,""critical_edges"":6.0},""3"":{""mass"":0.02499102992138883,""precision_at_k"":0.0,""recall_at_k"":0.0,""auprc"":0.10517447767221975,""critical_edges"":6.0}}",1,0.9200000166893005,0.9705358730522153,0.6481907367706299,2,player_who_selects_action_at_parent,,,
h1_mvp_seed7,rgat,results/rgat/model.pt,43d35c63294bcfc5,1,4,5,immediate_win,vertical,1,0.5141385793685913,2.05209441177814,0.2165564000606537,0.7834435999393463,0.025008328695385936,0.025008328695385936,0.0,0.0,0.03282053038898769,0.02829624801314754,0.025,"{""0"":{""mass"":0.024969119919171605,""precision_at_k"":0.0,""recall_at_k"":0.0,""auprc"":0.02896675051102515,""critical_edges"":6.0},""1"":{""mass"":0.025006434305433863,""precision_at_k"":0.0,""recall_at_k"":0.0,""auprc"":0.03191492076194404,""critical_edges"":6.0},""2"":{""mass"":0.025041151930231476,""precision_at_k"":0.0,""recall_at_k"":0.0,""auprc"":0.034075732965149375,""critical_edges"":6.0},""3"":{""mass"":0.02501660862671831,""precision_at_k"":0.0,""recall_at_k"":0.0,""auprc"":0.03270724111688733,""critical_edges"":6.0}}",1,0.9399999380111694,1.0264984854573869,0.4258613586425781,2,player_who_selects_action_at_parent,,,
h1_mvp_seed7,rgat,results/rgat/model.pt,d3a2c2817219093a,1,2,2,immediate_win,vertical,0,0.23739780485630035,2.188719675177106,0.08851506561040878,0.9114849343895912,0.025010724256612285,0.025010724256612285,0.0,0.0,0.038887778288737664,0.028020088759436866,0.025,"{""0"":{""mass"":0.025007949130875725,""precision_at_k"":0.0,""recall_at_k"":0.0,""auprc"":0.03628239468191009,""critical_edges"":6.0},""1"":{""mass"":0.025011161001679508,""precision_at_k"":0.0,""recall_at_k"":0.0,""auprc"":0.03622932201376413,""critical_edges"":6.0},""2"":{""mass"":0.025021146445397574,""precision_at_k"":0.0,""recall_at_k"":0.0,""auprc"":0.039019518532703114,""critical_edges"":6.0},""3"":{""mass"":0.02500264044850671,""precision_at_k"":0.0,""recall_at_k"":0.0,""auprc"":0.034607088470524426,""critical_edges"":6.0}}",1,0.9199999570846558,0.8957424042189563,0.6826021671295166,2,player_who_selects_action_at_parent,,,
h1_mvp_seed7,rgat,results/rgat/model.pt,0cae4879252a3d5a,0,1,1,mandatory_block,diagonal_up,0,0.10480783879756927,2.2895648066742815,0.21828877925872803,0.21828877925872803,0.05357545463805341,0.05357545463805341,0.0,0.0,0.07427371067785345,0.05156177524509385,0.05357142857142857,"{""0"":{""mass"":0.0535711816455038,""precision_at_k"":0.0,""recall_at_k"":0.0,""auprc"":0.07176403983925521,""critical_edges"":12.0},""1"":{""mass"":0.05358229822724191,""precision_at_k"":0.0,""recall_at_k"":0.0,""auprc"":0.07592020371347157,""critical_edges"":12.0},""2"":{""mass"":0.05357228016899111,""precision_at_k"":0.0,""recall_at_k"":0.0,""auprc"":0.07162957894009357,""critical_edges"":12.0},""3"":{""mass"":0.053576058510475665,""precision_at_k"":0.0,""recall_at_k"":0.0,""auprc"":0.07242437814095055,""critical_edges"":12.0}}",1,0.4399999976158142,1.9069308954231028,0.33519214391708374,2,player_who_selects_action_at_parent,,,
h1_mvp_seed7,rgat,results/rgat/model.pt,16f8548fb818aac6,1,2,2,immediate_win,diagonal_up,0,0.18948137760162354,2.177255490834913,0.08797705173492432,0.9120229482650757,0.024996647530098913,0.024996647530098913,0.0,0.0,0.025302350817251767,0.02353366714911774,0.025,"{""0"":{""mass"":0.025036189620014762,""precision_at_k"":0.0,""recall_at_k"":0.0,""auprc"":0.030615578757250846,""critical_edges"":6.0},""1"":{""mass"":0.024986331239301954,""precision_at_k"":0.0,""recall_at_k"":0.0,""auprc"":0.024232834859787455,""critical_edges"":6.0},""2"":{""mass"":0.02497416071597062,""precision_at_k"":0.0,""recall_at_k"":0.0,""auprc"":0.02416529913267726,""critical_edges"":6.0},""3"":{""mass"":0.02498990854512993,""precision_at_k"":0.0,""recall_at_k"":0.0,""auprc"":0.025436226385117947,""critical_edges"":6.0}}",1,0.8999999761581421,0.48602677945584677,0.7105185985565186,2,player_who_selects_action_at_parent,,,
h1_mvp_seed7,rgat,results/rgat/model.pt,2fdd235121ff276a,-1,10,2,simple_fork,vertical,1,0.9999998807907104,2.266885335728779,0.21828068792819977,1.2182806879281998,0.03214354150282271,0.032145799135178406,0.0,0.0,0.03768977319460005,0.036263712117334965,0.03214285714285714,"{""0"":{""mass"":0.03213022585426058,""precision_at_k"":0.0,""recall_at_k"":0.0,""auprc"":0.03748258152680628,""critical_edges"":8.0},""1"":{""mass"":0.03214198509877452,""precision_at_k"":0.0,""recall_at_k"":0.0,""auprc"":0.0374018834943143,""critical_edges"":8.0},""2"":{""mass"":0.03215426892952533,""precision_at_k"":0.0,""recall_at_k"":0.0,""auprc"":0.0395738007632003,""critical_edges"":8.0},""3"":{""mass"":0.03214768612870542,""precision_at_k"":0.0,""recall_at_k"":0.0,""auprc"":0.03835178658051405,""critical_edges"":8.0}}",1,1.0,2.278074306314654,1.1920928955078125e-07,2,player_who_selects_action_at_parent,,,
h1_mvp_seed7,rgat,results/rgat/model.pt,c1ac4ba0dfef5de3,1,7,10,immediate_win,diagonal_up,1,0.6992023587226868,2.2888898958990396,0.21908321976661682,0.7809167802333832,0.024999453400128508,0.025000988060076584,0.0,0.0,0.026091498381461173,0.028396483032291725,0.025,"{""0"":{""mass"":0.02500107610332229,""precision_at_k"":0.0,""recall_at_k"":0.0,""auprc"":0.026919147136288193,""critical_edges"":6.0},""1"":{""mass"":0.024996759934087516,""precision_at_k"":0.0,""recall_at_k"":0.0,""auprc"":0.029513540525519064,""critical_edges"":6.0},""2"":{""mass"":0.024998706813368375,""precision_at_k"":0.0,""recall_at_k"":0.0,""auprc"":0.02660957286004914,""critical_edges"":6.0},""3"":{""mass"":0.02500127074973924,""precision_at_k"":0.0,""recall_at_k"":0.0,""auprc"":0.026835963709408862,""critical_edges"":6.0}}",1,0.9599999785423279,0.7794267227183688,0.2607976198196411,2,player_who_selects_action_at_parent,,,
h1_mvp_seed7,rgat,results/rgat/model.pt,5b1cf9996b2cef81,1,2,2,immediate_win,diagonal_up,0,0.1921548843383789,2.2807465246293117,0.21736562252044678,0.7826343774795532,0.02857142848627908,0.02857142848627908,0.0,0.0,0.03025518741479466,0.02694577480051452,0.02857142857142857,"{""0"":{""mass"":0.02857142877213809,""precision_at_k"":0.0,""recall_at_k"":0.0,""auprc"":0.03149987276059187,""critical_edges"":6.0},""1"":{""mass"":0.02857142843154012,""precision_at_k"":0.0,""recall_at_k"":0.0,""auprc"":0.03402711760243521,""critical_edges"":6.0},""2"":{""mass"":0.02857142854101804,""precision_at_k"":0.0,""recall_at_k"":0.0,""auprc"":0.03059454607737391,""critical_edges"":6.0},""3"":{""mass"":0.02857142820042007,""precision_at_k"":0.0,""recall_at_k"":0.0,""auprc"":0.030963447116980528,""critical_edges"":6.0}}",1,0.9200000166893005,0.38967290015335576,0.7278451323509216,2,player_who_selects_action_at_parent,,,
h1_mvp_seed7,rgat,results/rgat/model.pt,6b521b05a707c06a,1,2,3,mandatory_block,horizontal,0,0.19852401316165924,2.1769888212019386,0.08797071129083633,0.9120292887091637,0.0464245363216571,0.049991929922258475,0.0,0.0,0.06752809510907913,0.05071333507801935,0.04642857142857143,"{""0"":{""mass"":0.046417716242071194,""precision_at_k"":0.0,""recall_at_k"":0.0,""auprc"":0.06636658724776458,""critical_edges"":11.0},""1"":{""mass"":0.0464347106948034,""precision_at_k"":0.0,""recall_at_k"":0.0,""auprc"":0.06859819727419254,""critical_edges"":11.0},""2"":{""mass"":0.046427428140781365,""precision_at_k"":0.0,""recall_at_k"":0.0,""auprc"":0.06706637617400216,""critical_edges"":11.0},""3"":{""mass"":0.04641829020893817,""precision_at_k"":0.0,""recall_at_k"":0.0,""auprc"":0.0674065154819978,""critical_edges"":11.0}}",1,0.8799999952316284,0.5819361239282365,0.6814759969711304,2,player_who_selects_action_at_parent,,,
h1_mvp_seed7,rgat,results/rgat/model.pt,43ecccd1b28949ef,1,2,3,immediate_win,vertical,0,0.3857632875442505,1.5953308886088806,0.09206093102693558,0.9079390689730644,0.02501345047863065,0.02501345047863065,0.0,0.0,0.035561880824263335,0.02708905854382785,0.025,"{""0"":{""mass"":0.02501492570024818,""precision_at_k"":0.0,""recall_at_k"":0.0,""auprc"":0.0332592508688526,""critical_edges"":6.0},""1"":{""mass"":0.025013620826869948,""precision_at_k"":0.0,""recall_at_k"":0.0,""auprc"":0.03721665045194456,""critical_edges"":6.0},""2"":{""mass"":0.025018984893574694,""precision_at_k"":0.0,""recall_at_k"":0.0,""auprc"":0.03559723887075717,""critical_edges"":6.0},""3"":{""mass"":0.02500627049380122,""precision_at_k"":0.0,""recall_at_k"":0.0,""auprc"":0.032492595390399066,""critical_edges"":6.0}}",1,0.9399999976158142,0.9442298246178079,0.5542367100715637,2,player_who_selects_action_at_parent,,,
h1_mvp_seed7,rgat,results/rgat/model.pt,fddff2137127f8fb,1,2,4,mandatory_block,diagonal_down,0,0.19374144077301025,2.265098828241901,0.21771933138370514,0.7822806686162949,0.05357020112913906,0.08215533332158288,0.025,0.025,0.054615210012941194,0.05883715528792891,0.053571428571428575,"{""0"":{""mass"":0.053550567006596016,""precision_at_k"":0.025,""recall_at_k"":0.025,""auprc"":0.05328846743665672,""critical_edges"":13.0},""1"":{""mass"":0.0535632027617131,""precision_at_k"":0.025,""recall_at_k"":0.025,""auprc"":0.05368644150912065,""critical_edges"":13.0},""2"":{""mass"":0.05359989235145682,""precision_at_k"":0.025,""recall_at_k"":0.025,""auprc"":0.05628197568902054,""critical_edges"":13.0},""3"":{""mass"":0.05356714239686666,""precision_at_k"":0.025,""recall_at_k"":0.025,""auprc"":0.053432064073148974,""critical_edges"":13.0}}",1,0.9199999570846558,0.48602677945584677,0.7262585163116455,2,player_who_selects_action_at_parent,,,
h1_mvp_seed7,rgat,results/rgat/model.pt,edb1eb4a5268aa95,1,1,2,immediate_win,diagonal_down,0,0.11143052577972412,2.0376009107619564,0.21831262111663818,0.7816873788833618,0.023210259008371023,0.02499169900347658,0.08333333333333333,0.08333333333333333,0.024987837642675835,0.027042123759897133,0.023214285714285715,"{""0"":{""mass"":0.023174513316748867,""precision_at_k"":0.08333333333333333,""recall_at_k"":0.08333333333333333,""auprc"":0.023978833833625545,""critical_edges"":6.0},""1"":{""mass"":0.023217775009340712,""precision_at_k"":0.08333333333333333,""recall_at_k"":0.08333333333333333,""auprc"":0.026980140504757902,""critical_edges"":6.0},""2"":{""mass"":0.023231051191360985,""precision_at_k"":0.08333333333333333,""recall_at_k"":0.08333333333333333,""auprc"":0.028144710469513078,""critical_edges"":6.0},""3"":{""mass"":0.02321769651594642,""precision_at_k"":0.08333333333333333,""recall_at_k"":0.08333333333333333,""auprc"":0.027642702085305525,""critical_edges"":6.0}}",1,0.9200000166893005,0.38967290015335576,0.8085694909095764,2,player_who_selects_action_at_parent,,,
h1_mvp_seed7,rgat,results/rgat/model.pt,238b9f777d66eb79,1,3,3,immediate_win,vertical,0,0.24257376790046692,2.26674989996383,0.21824827790260315,0.7817517220973969,0.021435937361457453,0.021435937361457453,0.0,0.0,0.02604388644338863,0.026270856588181294,0.02142857142857143,"{""0"":{""mass"":0.02140290313682695,""precision_at_k"":0.0,""recall_at_k"":0.0,""auprc"":0.020581641655340134,""critical_edges"":6.0},""1"":{""mass"":0.02143039428914274,""precision_at_k"":0.0,""recall_at_k"":0.0,""auprc"":0.023576735937310116,""critical_edges"":6.0},""2"":{""mass"":0.021465526340318297,""precision_at_k"":0.0,""recall_at_k"":0.0,""auprc"":0.027275913666538365,""critical_edges"":6.0},""3"":{""mass"":0.021444925679550593,""precision_at_k"":0.0,""recall_at_k"":0.0,""auprc"":0.02527880887416824,""critical_edges"":6.0}}",1,0.8999999761581421,0.4860267794558468,0.6574262380599976,2,player_who_selects_action_at_parent,,,
h1_mvp_seed7,rgat,results/rgat/model.pt,6d2d4c3c5deea829,1,2,3,immediate_win,horizontal,1,0.3574860394001007,1.7792180285525492,0.21940575540065765,0.7805942445993423,0.02321230380786382,0.02500287470141707,0.0,0.0,0.10627892134266977,0.02816992745436072,0.023214285714285715,"{""0"":{""mass"":0.023211184752994964,""precision_at_k"":0.0,""recall_at_k"":0.0,""auprc"":0.10593860716076062,""critical_edges"":6.0},""1"":{""mass"":0.023195708654436833,""precision_at_k"":0.0,""recall_at_k"":0.0,""auprc"":0.10558262565197898,""critical_edges"":6.0},""2"":{""mass"":0.023234883522535874,""precision_at_k"":0.0,""recall_at_k"":0.0,""auprc"":0.10842550260423983,""critical_edges"":6.0},""3"":{""mass"":0.023207438301526037,""precision_at_k"":0.0,""recall_at_k"":0.0,""auprc"":0.10582388451155016,""critical_edges"":6.0}}",1,0.9200000166893005,1.013384272414277,0.5625139474868774,2,player_who_selects_action_at_parent,,,
h1_mvp_seed7,rgat,results/rgat/model.pt,da28d68b75d8c28e,1,1,1,immediate_win,diagonal_down,1,0.1846383661031723,1.9346034048369334,0.08945134282112122,0.9105486571788788,0.028571428642893325,0.028571428642893325,0.16666666666666666,0.16666666666666666,0.037524126119226,0.029206977198926072,0.02857142857142857,"{""0"":{""mass"":0.028571428814712835,""precision_at_k"":0.16666666666666666,""recall_at_k"":0.16666666666666666,""auprc"":0.037063830232339244,""critical_edges"":6.0},""1"":{""mass"":0.028571428407211694,""precision_at_k"":0.16666666666666666,""recall_at_k"":0.16666666666666666,""auprc"":0.038503013329020695,""critical_edges"":6.0},""2"":{""mass"":0.028571428620085423,""precision_at_k"":0.16666666666666666,""recall_at_k"":0.16666666666666666,""auprc"":0.0374262053338204,""critical_edges"":6.0},""3"":{""mass"":0.028571428729563343,""precision_at_k"":0.16666666666666666,""recall_at_k"":0.16666666666666666,""auprc"":0.03728249580844546,""critical_edges"":6.0}}",1,0.8799999952316284,0.5819361239282365,0.6953616142272949,2,player_who_selects_action_at_parent,,,
h1_mvp_seed7,rgat,results/rgat/model.pt,6dfc9aa7895ca984,0,1,1,mandatory_block,vertical,0,0.12223534286022186,2.184756884200835,0.08869387954473495,0.08869387954473495,0.025000836077544126,0.025000836077544126,0.0,0.0,0.030911294016150382,0.02905873187196652,0.025,"{""0"":{""mass"":0.025000026561319777,""precision_at_k"":0.0,""recall_at_k"":0.0,""auprc"":0.030541571143528314,""critical_edges"":6.0},""1"":{""mass"":0.025007395925282148,""precision_at_k"":0.0,""recall_at_k"":0.0,""auprc"":0.03316319658821942,""critical_edges"":6.0},""2"":{""mass"":0.024989620862284685,""precision_at_k"":0.0,""recall_at_k"":0.0,""auprc"":0.029748813032428958,""critical_edges"":6.0},""3"":{""mass"":0.02500630096130718,""precision_at_k"":0.0,""recall_at_k"":0.0,""auprc"":0.03165167938238733,""critical_edges"":6.0}}",1,0.5199999809265137,1.6836829329214105,0.3977646231651306,2,player_who_selects_action_at_parent,,,
h1_mvp_seed7,rgat,results/rgat/model.pt,af49a5487217a88a,1,3,3,immediate_win,vertical,0,0.5125959515571594,1.770425368657762,0.21804365515708923,0.7819563448429108,0.025003118616125024,0.025003118616125024,0.0,0.0,0.036170281357010614,0.027125119341416697,0.025,"{""0"":{""mass"":0.024995426817666998,""precision_at_k"":0.0,""recall_at_k"":0.0,""auprc"":0.03428465477901286,""critical_edges"":6.0},""1"":{""mass"":0.025003054897693534,""precision_at_k"":0.0,""recall_at_k"":0.0,""auprc"":0.03585370524268164,""critical_edges"":6.0},""2"":{""mass"":0.025016519549642114,""precision_at_k"":0.0,""recall_at_k"":0.0,""auprc"":0.03720884990946914,""critical_edges"":6.0},""3"":{""mass"":0.024997473199451597,""precision_at_k"":0.0,""recall_at_k"":0.0,""auprc"":0.03453173933484688,""critical_edges"":6.0}}",1,0.9399999380111694,0.4860267794558468,0.42740398645401,2,player_who_selects_action_at_parent,,,
h1_mvp_seed7,rgat,results/rgat/model.pt,bfbc69d977ea9925,1,6,6,simple_fork,horizontal,1,0.5982586145401001,2.2722863191469935,0.21758969128131866,0.7824103087186813,0.06786211822485093,0.06786211822485093,0.0,0.0,0.06593141454432182,0.08327755480781945,0.06785714285714285,"{""0"":{""mass"":0.06782894231923824,""precision_at_k"":0.0,""recall_at_k"":0.0,""auprc"":0.06485818083766565,""critical_edges"":18.0},""1"":{""mass"":0.06787103942385463,""precision_at_k"":0.0,""recall_at_k"":0.0,""auprc"":0.06794985235003015,""critical_edges"":18.0},""2"":{""mass"":0.06791826937560115,""precision_at_k"":0.0,""recall_at_k"":0.0,""auprc"":0.07195358164682576,""critical_edges"":18.0},""3"":{""mass"":0.06783022178070885,""precision_at_k"":0.0,""recall_at_k"":0.0,""auprc"":0.06277742845226629,""critical_edges"":18.0}}",1,0.9399999380111694,0.7723805373093545,0.34174132347106934,2,player_who_selects_action_at_parent,,,
h1_mvp_seed7,rgat,results/rgat/model.pt,33d68d594543e999,1,2,2,immediate_win,vertical,0,0.20178133249282837,2.26901105715575,0.21934843063354492,0.7806515693664551,0.025002753195751258,0.025002753195751258,0.0,0.0,0.03701982672320545,0.02766280802500698,0.025,"{""0"":{""mass"":0.02499355520521989,""precision_at_k"":0.0,""recall_at_k"":0.0,""auprc"":0.03510572282124006,""critical_edges"":6.0},""1"":{""mass"":0.02499741188117436,""precision_at_k"":0.0,""recall_at_k"":0.0,""auprc"":0.03537658799800426,""critical_edges"":6.0},""2"":{""mass"":0.025018033598150524,""precision_at_k"":0.0,""recall_at_k"":0.0,""auprc"":0.03868443489763945,""critical_edges"":6.0},""3"":{""mass"":0.025002012098475447,""precision_at_k"":0.0,""recall_at_k"":0.0,""auprc"":0.03657721136004054,""critical_edges"":6.0}}",1,0.9200000166893005,0.3896729001533558,0.7182186841964722,2,player_who_selects_action_at_parent,,,
h1_mvp_seed7,han,results/han/model.pt,1559aaca170f0da6,1,2,2,immediate_win,diagonal_up,0,0.22220256924629211,2.1916477638901526,0.016200823709368706,0.9837991762906313,0.028571428355513788,0.028571428355513788,0.0,0.0,0.09833270041382908,0.022630309368988404,0.02857142857142857,{},1,0.9199999570846558,0.7820175174497157,0.697797417640686,2,player_who_selects_action_at_parent,diagonal_up,-0.09848711639642715,6.993868350982666
h1_mvp_seed7,han,results/han/model.pt,a7359cadc492ae4c,1,4,5,immediate_win,vertical,1,0.5787309408187866,1.9446023475112153,0.014031398110091686,0.9859686018899083,0.018624741962233418,0.018624741962233418,0.0,0.0,0.01332553841697142,0.022534283656985413,0.019047619047619046,{},1,0.9399999380111694,1.4715637113916693,0.3612689971923828,2,player_who_selects_action_at_parent,vertical,0.049067139625549316,6.6062750816345215
h1_mvp_seed7,han,results/han/model.pt,b4042b01dc34290f,1,2,2,immediate_win,diagonal_down,0,0.37327027320861816,1.6035550645218173,0.012757309712469578,0.9872426902875304,0.028571428337267467,0.028571428337267467,0.0,0.0,0.09755901370889641,0.023250017279151387,0.02857142857142857,{},1,0.8999999761581421,1.054185205470874,0.5267297029495239,2,player_who_selects_action_at_parent,diagonal_down,-0.09809315949678421,6.090969085693359
h1_mvp_seed7,han,results/han/model.pt,61aeded89741679b,1,4,4,immediate_win,vertical,1,0.517360508441925,2.077672229327904,-0.07495792955160141,1.0749579295516014,0.01920820135048894,0.01920820135048894,0.0,0.0,0.02021987316334841,0.021530389713318512,0.019047619047619046,{},1,0.9200000762939453,1.4236055060820814,0.40263956785202026,2,player_who_selects_action_at_parent,vertical,0.054681915789842606,9.40726375579834
h1_mvp_seed7,han,results/han/model.pt,bec4675552dbe86b,1,2,3,immediate_win,horizontal,0,0.20634397864341736,2.2966157466885435,-0.07546646893024445,1.0754664689302444,0.019331767158071528,0.019331767158071528,0.0,0.0,0.021165221404284475,0.021583659054237803,0.019047619047619046,{},1,0.9200000166893005,0.3896729001533558,0.7136560678482056,2,player_who_selects_action_at_parent,horizontal,-0.06946426630020142,9.094707489013672
h1_mvp_seed7,han,results/han/model.pt,66c00e0e01b84dee,1,2,2,immediate_win,vertical,0,0.2308410406112671,2.195084468706723,0.015937237069010735,0.9840627629309893,0.01888535204080287,0.01888535204080287,0.0,0.0,0.015926668050096616,0.02155605682889901,0.019047619047619046,{},1,0.8999999761581421,0.9865608771576638,0.669158935546875,2,player_who_selects_action_at_parent,vertical,-0.014260656200349331,6.494553089141846
h1_mvp_seed7,han,results/han/model.pt,43d35c63294bcfc5,1,4,5,mandatory_block,diagonal_down,0,0.5016341805458069,2.077701316064974,-0.07546018809080124,1.0754601880908012,0.0794904518616102,0.1399011839432321,0.1111111111111111,0.1111111111111111,0.09112657538916094,0.0794229364711139,0.07928571428571428,{},1,0.9200000166893005,1.3390434166123175,0.41836583614349365,2,player_who_selects_action_at_parent,diagonal_down,-0.0888759046792984,8.094067573547363
h1_mvp_seed7,han,results/han/model.pt,d3a2c2817219093a,1,2,2,immediate_win,vertical,0,0.22408078610897064,2.1943505586272716,0.013482923619449139,0.9865170763805509,0.018690697335516693,0.018690697335516693,0.0,0.0,0.014022815187464897,0.022287466551845294,0.019047619047619046,{},1,0.9000000357627869,0.9363889252113321,0.675919234752655,2,player_who_selects_action_at_parent,vertical,0.003134054597467184,6.459864616394043
h1_mvp_seed7,han,results/han/model.pt,0cae4879252a3d5a,0,1,1,mandatory_block,diagonal_up,0,0.10280145704746246,2.297853440057318,-0.07503388077020645,0.07503388077020645,0.05524557104134645,0.05524557104134645,0.0,0.0,0.08063884864822564,0.053817646226651764,0.05523809523809524,{},0,0.10000000149011612,2.298558000078936,-0.002801455557346344,2,player_who_selects_action_at_parent,diagonal_up,-0.2560984790325165,14.245817184448242
h1_mvp_seed7,han,results/han/model.pt,16f8548fb818aac6,1,2,2,immediate_win,diagonal_up,0,0.20388197898864746,2.1937030423973773,0.01554583664983511,0.9844541633501649,0.022849211400340085,0.022849211400340085,0.0,0.0,0.05128972901091962,0.022372172884860715,0.022857142857142857,{},1,0.8600000143051147,0.8950026840116564,0.6561180353164673,2,player_who_selects_action_at_parent,diagonal_up,-0.09896321594715118,6.9832658767700195
h1_mvp_seed7,han,results/han/model.pt,2fdd235121ff276a,-1,10,2,simple_fork,vertical,1,1.0,2.3006814645620794,-0.07523860782384872,0.9247613921761513,0.027375254458429955,0.02748231275635584,0.0,0.0,0.024796609319661635,0.03218924538021198,0.027380952380952377,{},1,1.0000001192092896,2.2627778888259793,1.1920928955078125e-07,2,player_who_selects_action_at_parent,vertical,0.018224824219942093,9.32317066192627
h1_mvp_seed7,han,results/han/model.pt,c1ac4ba0dfef5de3,1,7,10,immediate_win,vertical,1,0.6961730122566223,2.301332287708535,-0.07540010660886765,1.0754001066088676,0.018966185096189053,0.018966185096189053,0.0,0.0,0.016321525754538074,0.02293417493672513,0.019047619047619046,{},1,0.9600000381469727,0.5164471018781478,0.26382702589035034,2,player_who_selects_action_at_parent,vertical,-0.022774051874876022,9.277426719665527
h1_mvp_seed7,han,results/han/model.pt,5b1cf9996b2cef81,1,2,2,immediate_win,diagonal_up,0,0.19415241479873657,2.3010479034459634,-0.07499045133590698,1.074990451335907,0.028571427634784156,0.028571427634784156,0.0,0.0,0.09876728423298618,0.02202968378306987,0.02857142857142857,{},1,0.8999999761581421,0.48602677945584677,0.7058475613594055,2,player_who_selects_action_at_parent,diagonal_up,-0.30529993772506714,14.201250076293945
h1_mvp_seed7,han,results/han/model.pt,6b521b05a707c06a,1,2,3,mandatory_block,horizontal,0,0.2066963016986847,2.195042203511233,0.01414887048304081,0.9858511295169592,0.04029803714502257,0.044901883377121934,0.0,0.0,0.03298286524134527,0.04693025680325865,0.04047619047619047,{},1,0.85999995470047,0.7723805373093545,0.6533036231994629,2,player_who_selects_action_at_parent,horizontal,-0.09299790114164352,6.8959527015686035
h1_mvp_seed7,han,results/han/model.pt,43ecccd1b28949ef,1,2,3,immediate_win,vertical,0,0.3791872262954712,1.606951653124643,0.011722280643880367,0.9882777193561196,0.01841939320746232,0.01841939320746232,0.0,0.0,0.012522825263370004,0.02097607017083246,0.019047619047619046,{},1,0.8999999761581421,1.054185205470874,0.5208127498626709,2,player_who_selects_action_at_parent,vertical,-0.034791700541973114,6.626278877258301
h1_mvp_seed7,han,results/han/model.pt,fddff2137127f8fb,1,2,4,mandatory_block,diagonal_down,0,0.20177523791790009,2.3004480426757197,-0.07527658343315125,1.0752765834331512,0.055003735816920384,0.08713520951413772,0.046875,0.046875,0.06781098474960894,0.055467632148212154,0.055357142857142855,{},1,0.9199999570846558,0.48602677945584677,0.7182247042655945,2,player_who_selects_action_at_parent,diagonal_down,-0.08746287226676941,8.042913436889648
h1_mvp_seed7,han,results/han/model.pt,edb1eb4a5268aa95,1,1,2,immediate_win,diagonal_down,0,0.12082574516534805,2.077347871004103,-0.07481981068849564,1.0748198106884956,0.020783238981990266,0.022764818235005032,0.0,0.0,0.03136604893750101,0.021886480144738867,0.02095238095238095,{},1,0.8600000143051147,0.6773908846716761,0.7391742467880249,2,player_who_selects_action_at_parent,diagonal_down,-0.11146911978721619,8.01703929901123
h1_mvp_seed7,han,results/han/model.pt,238b9f777d66eb79,1,3,3,immediate_win,vertical,0,0.27207040786743164,2.2966644844648534,-0.07521116733551025,1.0752111673355103,0.0186192370184073,0.0186192370184073,0.0,0.0,0.013964496324083014,0.02223925133757755,0.019047619047619046,{},1,0.8600000143051147,0.6773908846716761,0.5879296064376831,2,player_who_selects_action_at_parent,vertical,-0.03451047092676163,9.305192947387695
h1_mvp_seed7,han,results/han/model.pt,6d2d4c3c5deea829,1,2,3,immediate_win,horizontal,0,0.32599136233329773,1.7837668661966404,-0.07542572915554047,1.0754257291555405,0.01900546791369819,0.019076346404149246,0.0,0.0,0.017279654118539746,0.022313166543991507,0.019047619047619046,{},1,0.8999999761581421,1.0801318544974086,0.574008584022522,2,player_who_selects_action_at_parent,horizontal,-0.0675245001912117,9.206230163574219
h1_mvp_seed7,han,results/han/model.pt,da28d68b75d8c28e,1,1,1,immediate_win,diagonal_down,0,0.14698152244091034,1.9449964323266165,0.014799170196056366,0.9852008298039436,0.028571427832452614,0.028571427832452614,0.0,0.0,0.09559223042489566,0.02079650549303473,0.02857142857142857,{},1,0.8799999952316284,0.5819361239282365,0.7330184578895569,2,player_who_selects_action_at_parent,diagonal_down,-0.04276140779256821,5.939512729644775
h1_mvp_seed7,han,results/han/model.pt,6dfc9aa7895ca984,0,1,1,mandatory_block,vertical,0,0.11066381633281708,2.194825736678307,0.015614327974617481,0.015614327974617481,0.019183187526446568,0.019183187526446568,0.0,0.0,0.018718748282797043,0.022839798612285238,0.019047619047619046,{},1,0.11999999731779099,2.1931921516577804,0.009336180984973907,2,player_who_selects_action_at_parent,vertical,-0.012173550203442574,6.462493419647217
h1_mvp_seed7,han,results/han/model.pt,af49a5487217a88a,1,3,3,immediate_win,vertical,0,0.4861343801021576,1.7909177363888689,-0.07519147545099258,1.0751914754509926,0.01876115687121757,0.01876115687121757,0.0,0.0,0.015242564867714239,0.022618280003851243,0.019047619047619046,{},1,0.9399999380111694,0.4860267794558468,0.45386555790901184,2,player_who_selects_action_at_parent,vertical,-0.028960879892110825,9.39269733428955
h1_mvp_seed7,han,results/han/model.pt,bfbc69d977ea9925,1,6,6,simple_fork,horizontal,0,0.5798313021659851,2.2977770381427023,-0.0750931054353714,1.0750931054353714,0.04466165416986231,0.04466165416986231,0.0,0.0,0.03357345129894132,0.053987703082200446,0.04523809523809524,{},1,0.9399999380111694,0.7723805373093545,0.3601686358451843,2,player_who_selects_action_at_parent,horizontal,-0.07935363799333572,9.133589744567871
h1_mvp_seed7,han,results/han/model.pt,33d68d594543e999,1,2,2,immediate_win,vertical,0,0.20318639278411865,2.301128485184623,-0.07524996995925903,1.075249969959259,0.019186987922132068,0.019186987922132068,0.0,0.0,0.01895064385210623,0.022730753601533392,0.019047619047619046,{},1,0.9399999976158142,0.6114367545158262,0.7368136048316956,2,player_who_selects_action_at_parent,vertical,-0.036553993821144104,9.317255973815918
