run_id,model_type,seed,iteration,state_id,policy_top1_correct,policy_optimal_mass,policy_entropy,value_prediction,solver_value,value_error,graph_critical_mass,graph_precision_at_k,graph_recall_at_k,graph_auprc,random_critical_mass,structural_critical_mass,alignment_minus_random,alignment_minus_structural,mcts_optimal_mass,mcts_selected_optimal,mcts_entropy,search_gain,optimizer_updates,selfplay_games_seen
h3_pilot_rgat_seed7,rgat,7,0,1559aaca170f0da6,0,0.2231803685426712,2.1970960997899573,-0.04657558351755142,1,1.0465755835175514,0.024993361817415943,0.0,0.0,0.02683301560058455,0.02790980958559414,0.025,-0.0029164477681781972,-6.638182584058766e-06,0.8799999952316284,1,0.9991786930711221,0.6568196415901184,0,0
h3_pilot_rgat_seed7,rgat,7,0,a7359cadc492ae4c,1,0.5714327096939087,1.945842059061165,-0.0466645210981369,1,1.046664521098137,0.025712054163671443,0.0,0.0,0.029225408622161792,0.027220365015392968,0.02571428571428571,-0.0015083108517215255,-2.23155061426783e-06,0.9399999380111694,1,1.4715637113916693,0.36856722831726074,0,0
h3_pilot_rgat_seed7,rgat,7,0,b4042b01dc34290f,1,0.41191840171813965,1.608932408848852,-0.04462288320064545,1,1.0446228832006454,0.026790525831222815,0.08333333333333333,0.08333333333333333,0.0315084782626271,0.026928321474066312,0.026785714285714288,-0.00013779564284349677,4.811545508527637e-06,0.9200000166893005,1,0.9996424312339711,0.5080816149711609,0,0
h3_pilot_rgat_seed7,rgat,7,0,61aeded89741679b,1,0.5061787366867065,2.0790435842673682,-0.06491968035697937,1,1.0649196803569794,0.025887429895862055,0.0,0.0,0.0700687317129508,0.027464267524489043,0.02589285714285714,-0.0015768376286269883,-5.427246995086399e-06,0.9200000166893005,1,1.3646764275303633,0.413821280002594,0,0
h3_pilot_rgat_seed7,rgat,7,0,bec4675552dbe86b,0,0.20336216688156128,2.3022000310213544,-0.06820189952850342,1,1.0682018995285034,0.03452051602829848,0.0,0.0,0.06540856080507351,0.03930090044018363,0.03452380952380952,-0.00478038441188515,-3.293495511036415e-06,0.9399999976158142,1,0.5664873382609724,0.7366378307342529,0,0
h3_pilot_rgat_seed7,rgat,7,0,66c00e0e01b84dee,0,0.22076106071472168,2.197116507668463,-0.04726988077163696,1,1.047269880771637,0.024997287695961337,0.0,0.0,0.07033830153115572,0.028215422503930086,0.025,-0.0032181348079687484,-2.712304038664237e-06,0.8600000143051147,1,1.0594619211237677,0.6392389535903931,0,0
h3_pilot_rgat_seed7,rgat,7,0,43d35c63294bcfc5,1,0.49997252225875854,2.0791924612701362,-0.06712483614683151,1,1.0671248361468315,0.03926750078398881,0.05,0.05,0.04079797199953115,0.04467513199128213,0.03928571428571429,-0.005407631207293324,-1.821350172548364e-05,0.9200000166893005,1,1.3177774037651624,0.420027494430542,0,0
h3_pilot_rgat_seed7,rgat,7,0,d3a2c2817219093a,0,0.2230655550956726,2.197110322795494,-0.04661742225289345,1,1.0466174222528934,0.025016449056572763,0.0,0.0,0.03526841309629178,0.028638869549635286,0.025,-0.0036224204930625226,1.6449056572762077e-05,0.8799999952316284,1,0.9991786930711222,0.6569344401359558,0,0
h3_pilot_rgat_seed7,rgat,7,0,0cae4879252a3d5a,0,0.10077188163995743,2.3024731592524796,-0.06641466915607452,0,0.06641466915607452,0.05355882064857434,0.0,0.0,0.07014212501270603,0.05156177524509385,0.05357142857142857,0.001997045403480488,-1.2607922854228348e-05,0.11999999731779099,1,2.2945308877537953,0.019228115677833557,0,0
h3_pilot_rgat_seed7,rgat,7,0,16f8548fb818aac6,1,0.2270655333995819,2.197032722144167,-0.04709242656826973,1,1.0470924265682697,0.026795375749612646,0.0,0.0,0.029743077945418438,0.025681567829515296,0.026785714285714288,0.0011138079200973504,9.661463898358313e-06,0.8799999952316284,1,0.9991786930711221,0.6529344320297241,0,0
h3_pilot_rgat_seed7,rgat,7,0,2fdd235121ff276a,1,1.0,2.3022807511416463,-0.068840391933918,-1,0.931159608066082,0.03214556870791812,0.0,0.0,0.03801531241595886,0.036263712117334965,0.03214285714285714,-0.004118143409416845,2.711565060979637e-06,0.9999999403953552,1,2.260135208986721,-5.960464477539063e-08,0,0
h3_pilot_rgat_seed7,rgat,7,0,c1ac4ba0dfef5de3,0,0.6962454319000244,2.302330847697985,-0.06793753057718277,1,1.0679375305771828,0.037498770324912785,0.02777777777777778,0.02777777777777778,0.04371446990784228,0.042304337010790366,0.0375,-0.004805566685877581,-1.2296750872137219e-06,0.9800000190734863,1,0.42099234113470807,0.2837545871734619,0,0
h3_pilot_rgat_seed7,rgat,7,0,5b1cf9996b2cef81,0,0.19801071286201477,2.30236623734224,-0.06720404326915741,1,1.0672040432691574,0.026790178374257602,0.0,0.0,0.03535160706209305,0.027141236975978436,0.026785714285714288,-0.0003510586017208342,4.464088543314204e-06,0.8600000143051147,1,0.6773908846716761,0.6619893312454224,0,0
h3_pilot_rgat_seed7,rgat,7,0,6b521b05a707c06a,1,0.2253704071044922,2.197099783412968,-0.047502316534519196,1,1.0475023165345192,0.039297470193683216,0.0,0.0,0.059917197185545445,0.04232163662380656,0.039285714285714285,-0.0030241664301233415,1.175590796893139e-05,0.85999995470047,1,0.7723805373093545,0.6346295475959778,0,0
h3_pilot_rgat_seed7,rgat,7,0,43ecccd1b28949ef,1,0.406659871339798,1.609301656054664,-0.04458162933588028,1,1.0445816293358803,0.02381902080487075,0.0,0.0,0.030029035782178665,0.02812490467827518,0.023809523809523808,-0.004305883873404432,9.496995346941484e-06,0.8799999952316284,1,1.1087279797077771,0.47334012389183044,0,0
h3_pilot_rgat_seed7,rgat,7,0,fddff2137127f8fb,0,0.20264261960983276,2.3021056705104828,-0.06688964366912842,1,1.0668896436691284,0.03839316400960634,0.0125,0.0125,0.04037248941071728,0.043635538058781995,0.038392857142857145,-0.005242374049175658,3.068667491917809e-07,0.8799999952316284,1,0.6773908846716761,0.6773573756217957,0,0
h3_pilot_rgat_seed7,rgat,7,0,edb1eb4a5268aa95,0,0.12086588889360428,2.07900360501959,-0.0667918398976326,1,1.0667918398976326,0.023205258260293665,0.08333333333333333,0.08333333333333333,0.024833193448898554,0.027042123759897133,0.023214285714285715,-0.003836865499603468,-9.027453992050544e-06,0.8600000143051147,1,0.6773908846716761,0.7391341328620911,0,0
h3_pilot_rgat_seed7,rgat,7,0,238b9f777d66eb79,0,0.2981559932231903,2.3024115593314534,-0.06773874163627625,1,1.0677387416362762,0.02260855080122531,0.0,0.0,0.025108711411113368,0.027206521558764345,0.022619047619047622,-0.004597970757539035,-1.0496817822312071e-05,0.8799999952316284,1,0.5819361239282365,0.5818439722061157,0,0
h3_pilot_rgat_seed7,rgat,7,0,6d2d4c3c5deea829,1,0.3412523865699768,1.7913708218917432,-0.06564878672361374,1,1.0656487867236137,0.023810759172806728,0.0,0.0,0.08139731769215793,0.027797568730254567,0.023809523809523808,-0.003986809557447839,1.2353632829198435e-06,0.9199999570846558,1,1.0264984854573869,0.578747570514679,0,0
h3_pilot_rgat_seed7,rgat,7,0,da28d68b75d8c28e,0,0.13852019608020782,1.9458027885788263,-0.04700060188770294,1,1.047000601887703,0.028571428522771718,0.16666666666666666,0.16666666666666666,0.037449106098239406,0.029206977198926072,0.02857142857142857,-0.0006355486761543544,-4.8656852852380084e-11,0.8799999952316284,1,0.5819361239282365,0.7414798140525818,0,0
h3_pilot_rgat_seed7,rgat,7,0,6dfc9aa7895ca984,0,0.11056212335824966,2.1971071981766244,-0.04775986447930336,0,0.04775986447930336,0.025009185545409134,0.0,0.0,0.032144250389648105,0.02905873187196652,0.025,-0.004049546326557386,9.185545409132884e-06,0.2199999988079071,1,2.1389217434146803,0.10943787544965744,0,0
h3_pilot_rgat_seed7,rgat,7,0,af49a5487217a88a,0,0.4928911626338959,1.7911381066756924,-0.06549973785877228,1,1.0654997378587723,0.049983328093910324,0.018518518518518517,0.018518518518518517,0.05392781732309856,0.053967880109173444,0.05000000000000001,-0.0039845520152631195,-1.6671906089685273e-05,0.9399999380111694,1,0.4860267794558468,0.44710877537727356,0,0
h3_pilot_rgat_seed7,rgat,7,0,bfbc69d977ea9925,0,0.5975611209869385,2.3024048227470604,-0.06747883558273315,1,1.0674788355827332,0.04519957952544099,0.027777777777777776,0.027777777777777776,0.042205975289673014,0.055669623422681544,0.045238095238095244,-0.010470043897240551,-3.8515712654250966e-05,0.9199999570846558,1,0.8668939047477577,0.3224388360977173,0,0
h3_pilot_rgat_seed7,rgat,7,0,33d68d594543e999,0,0.20124515891075134,2.3023134145723803,-0.06776869297027588,1,1.0677686929702759,0.02499838999073369,0.0,0.0,0.045855143859101014,0.028422448891968988,0.025,-0.003424058901235299,-1.6100092663125232e-06,0.9200000166893005,1,0.5542102373255605,0.7187548875808716,0,0
h3_pilot_rgat_seed7,rgat,7,5,1559aaca170f0da6,0,0.23776458203792572,2.172377282379547,-0.43311071395874023,1,1.4331107139587402,0.024994559805578506,0.0,0.0,0.026713666418842485,0.02790980958559414,0.025,-0.0029152497800156336,-5.440194421495181e-06,,,,,40,100
h3_pilot_rgat_seed7,rgat,7,5,a7359cadc492ae4c,1,0.6101595759391785,1.9197787070028356,-0.4344808757305145,1,1.4344808757305145,0.02571769136509598,0.0,0.0,0.0302430569779777,0.027220365015392968,0.02571428571428571,-0.0015026736502969894,3.4056508102682514e-06,,,,,40,100
h3_pilot_rgat_seed7,rgat,7,5,b4042b01dc34290f,1,0.3960278332233429,1.6037669216114228,-0.42482808232307434,1,1.4248280823230743,0.02678906760624501,0.08333333333333333,0.08333333333333333,0.031476538863229014,0.026928321474066312,0.026785714285714288,-0.0001392538678213033,3.353320530721099e-06,,,,,40,100
h3_pilot_rgat_seed7,rgat,7,5,61aeded89741679b,1,0.6067257523536682,1.8870800770314267,0.597366213798523,1,0.40263378620147705,0.02592783146187806,0.0,0.0,0.07181322051932211,0.027464267524489043,0.02589285714285714,-0.0015364360626109845,3.497431902091744e-05,,,,,40,100
h3_pilot_rgat_seed7,rgat,7,5,bec4675552dbe86b,0,0.20652559399604797,2.175128072419507,0.596512496471405,1,0.40348750352859497,0.034509538963729276,0.0,0.0,0.06602065980230064,0.03930090044018363,0.03452380952380952,-0.004791361476454356,-1.4270560080242856e-05,,,,,40,100
h3_pilot_rgat_seed7,rgat,7,5,66c00e0e01b84dee,1,0.28997355699539185,2.1589287514645887,-0.4341140687465668,1,1.4341140687465668,0.0249958818618679,0.0,0.0,0.07028702951884654,0.028215422503930086,0.025,-0.0032195406420621846,-4.11813813210038e-06,,,,,40,100
h3_pilot_rgat_seed7,rgat,7,5,43d35c63294bcfc5,1,0.5359448790550232,1.928305411097984,0.5960083603858948,1,0.4039916396141052,0.039328102485883,0.05,0.05,0.04437168379720964,0.04467513199128213,0.03928571428571429,-0.005347029505399135,4.238820016870537e-05,,,,,40,100
h3_pilot_rgat_seed7,rgat,7,5,d3a2c2817219093a,0,0.22212374210357666,2.148673135567233,-0.4343225061893463,1,1.4343225061893463,0.02499203861423737,0.0,0.0,0.030795898495030918,0.028638869549635286,0.025,-0.0036468309353979156,-7.961385762630946e-06,,,,,40,100
h3_pilot_rgat_seed7,rgat,7,5,0cae4879252a3d5a,0,0.17701293528079987,2.1659576084217784,0.6009206771850586,0,0.6009206771850586,0.05356051616410201,0.0,0.0,0.07030970138426666,0.05156177524509385,0.05357142857142857,0.00199874091900816,-1.091240732655624e-05,,,,,40,100
h3_pilot_rgat_seed7,rgat,7,5,16f8548fb818aac6,0,0.243503138422966,2.1596541059681176,-0.4361813962459564,1,1.4361813962459564,0.026791873430285634,0.0,0.0,0.029103695486725527,0.025681567829515296,0.026785714285714288,0.0011103056007703387,6.1591445713465864e-06,,,,,40,100
h3_pilot_rgat_seed7,rgat,7,5,2fdd235121ff276a,1,1.0000001192092896,2.1064048898618593,0.5977725982666016,-1,1.5977725982666016,0.03217495836336033,0.0,0.0,0.038836988784646115,0.036263712117334965,0.03214285714285714,-0.004088753753974633,3.210122050319175e-05,,,,,40,100
h3_pilot_rgat_seed7,rgat,7,5,c1ac4ba0dfef5de3,1,0.6321903467178345,2.1009941538141725,0.5960363149642944,1,0.40396368503570557,0.0375128750815701,0.02777777777777778,0.02777777777777778,0.04454923577373031,0.042304337010790366,0.0375,-0.004791461929220267,1.2875081570100366e-05,,,,,40,100
h3_pilot_rgat_seed7,rgat,7,5,5b1cf9996b2cef81,0,0.10029827058315277,2.073066852123938,0.5992382168769836,1,0.40076178312301636,0.026827760141093608,0.0,0.0,0.03644177963106012,0.027141236975978436,0.026785714285714288,-0.00031347683488482797,4.204585537932043e-05,,,,,40,100
h3_pilot_rgat_seed7,rgat,7,5,6b521b05a707c06a,0,0.2193949818611145,2.1866843959596185,-0.43548983335494995,1,1.43548983335495,0.03929962744987772,0.0,0.0,0.06086808635006053,0.04232163662380656,0.039285714285714285,-0.0030220091739288357,1.391316416343713e-05,,,,,40,100
h3_pilot_rgat_seed7,rgat,7,5,43ecccd1b28949ef,1,0.4840378761291504,1.5573920383799083,-0.42484599351882935,1,1.4248459935188293,0.023817561161344786,0.0,0.0,0.029675686957679432,0.02812490467827518,0.023809523809523808,-0.004307343516930396,8.037351820977534e-06,,,,,40,100
h3_pilot_rgat_seed7,rgat,7,5,fddff2137127f8fb,1,0.2961823344230652,2.225843413816611,0.5994042158126831,1,0.4005957841873169,0.03840721071930618,0.0125,0.0125,0.04209393113318025,0.043635538058781995,0.038392857142857145,-0.005228327339475813,1.435357644903601e-05,,,,,40,100
h3_pilot_rgat_seed7,rgat,7,5,edb1eb4a5268aa95,0,0.07062094658613205,1.978065152985486,0.5945858359336853,1,0.4054141640663147,0.023215044011951586,0.08333333333333333,0.08333333333333333,0.02607124349331487,0.027042123759897133,0.023214285714285715,-0.0038270797479455464,7.582976658711271e-07,,,,,40,100
h3_pilot_rgat_seed7,rgat,7,5,238b9f777d66eb79,0,0.29802072048187256,2.108691869628298,0.5962090492248535,1,0.4037909507751465,0.022666170981809786,0.0,0.0,0.02778165121448305,0.027206521558764345,0.022619047619047622,-0.004540350576954559,4.712336276216367e-05,,,,,40,100
h3_pilot_rgat_seed7,rgat,7,5,6d2d4c3c5deea829,1,0.45725786685943604,1.6746512368775384,0.5913805365562439,1,0.4086194634437561,0.02381136022052006,0.0,0.0,0.08082300747404184,0.027797568730254567,0.023809523809523808,-0.003986208509734506,1.8364109962525077e-06,,,,,40,100
h3_pilot_rgat_seed7,rgat,7,5,da28d68b75d8c28e,0,0.13577932119369507,1.928612122398956,-0.43307700753211975,1,1.4330770075321198,0.028571428642893325,0.16666666666666666,0.16666666666666666,0.03791179253272523,0.029206977198926072,0.02857142857142857,-0.0006355485560327473,7.146475425323651e-11,,,,,40,100
h3_pilot_rgat_seed7,rgat,7,5,6dfc9aa7895ca984,0,0.07945011556148529,2.138632676502763,-0.4329361021518707,0,0.4329361021518707,0.025017393146227605,0.0,0.0,0.03319509005091915,0.02905873187196652,0.025,-0.004041338725738915,1.7393146227603906e-05,,,,,40,100
h3_pilot_rgat_seed7,rgat,7,5,af49a5487217a88a,0,0.4046051800251007,1.6716606421840106,0.5934317111968994,1,0.4065682888031006,0.050024101190463056,0.018518518518518517,0.018518518518518517,0.05627929188343539,0.053967880109173444,0.05000000000000001,-0.0039437789187103875,2.4101190463046707e-05,,,,,40,100
h3_pilot_rgat_seed7,rgat,7,5,bfbc69d977ea9925,0,0.5512359738349915,2.182737879398264,0.5974442362785339,1,0.40255576372146606,0.04535551383297476,0.027777777777777776,0.027777777777777776,0.049487902598058464,0.055669623422681544,0.045238095238095244,-0.010314109589706785,0.00011741859487951478,,,,,40,100
h3_pilot_rgat_seed7,rgat,7,5,33d68d594543e999,1,0.3714072108268738,2.1626177628537038,0.5964464545249939,1,0.4035535454750061,0.024991166904314334,0.0,0.0,0.04610654918651698,0.028422448891968988,0.025,-0.003431281987654654,-8.83309568566748e-06,,,,,40,100
h3_pilot_rgat_seed7,rgat,7,10,1559aaca170f0da6,0,0.23758873343467712,2.1507432676603373,-0.4429590404033661,1,1.442959040403366,0.025218490297195705,0.0,0.0,0.027908778277769282,0.02790980958559414,0.025,-0.0026913192883984347,0.00021849029719570381,,,,,80,200
h3_pilot_rgat_seed7,rgat,7,10,a7359cadc492ae4c,0,0.5211573839187622,1.9184004565750366,-0.4429718255996704,1,1.4429718255996704,0.02590585006234151,0.0,0.0,0.030927767168477623,0.027220365015392968,0.02571428571428571,-0.0013145149530514565,0.00019156434805580116,,,,,80,200
h3_pilot_rgat_seed7,rgat,7,10,b4042b01dc34290f,0,0.32209354639053345,1.580411274092952,-0.4230610728263855,1,1.4230610728263855,0.026852886736288918,0.08333333333333333,0.08333333333333333,0.031084841518554826,0.026928321474066312,0.026785714285714288,-7.543473777739396e-05,6.717245057463045e-05,,,,,80,200
h3_pilot_rgat_seed7,rgat,7,10,61aeded89741679b,1,0.9002756476402283,0.7044725291737883,0.5718021988868713,1,0.42819780111312866,0.027442998153476283,0.0,0.0,0.0726369775499917,0.027464267524489043,0.02589285714285714,-2.1269371012759553e-05,0.0015501410106191424,,,,,80,200
h3_pilot_rgat_seed7,rgat,7,10,bec4675552dbe86b,0,0.205764502286911,1.7103093422062685,0.5690359473228455,1,0.43096405267715454,0.034519281149189014,0.0,0.0,0.0661204369796804,0.03930090044018363,0.03452380952380952,-0.004781619290994618,-4.528374620504927e-06,,,,,80,200
h3_pilot_rgat_seed7,rgat,7,10,66c00e0e01b84dee,0,0.25256288051605225,2.163469546705697,-0.4502984881401062,1,1.4502984881401062,0.025221196953136623,0.0,0.0,0.0724397408453841,0.028215422503930086,0.025,-0.0029942255507934626,0.0002211969531366216,,,,,80,200
h3_pilot_rgat_seed7,rgat,7,10,43d35c63294bcfc5,0,0.542671263217926,1.5434361575846947,0.5672982335090637,1,0.4327017664909363,0.041150686089071416,0.05,0.05,0.04493062199967514,0.04467513199128213,0.03928571428571429,-0.003524445902210717,0.0018649718033571239,,,,,80,200
h3_pilot_rgat_seed7,rgat,7,10,d3a2c2817219093a,0,0.2914367914199829,2.093478339450365,-0.4497545063495636,1,1.4497545063495636,0.0250838568566719,0.0,0.0,0.03303134122767097,0.028638869549635286,0.025,-0.0035550126929633843,8.385685667190029e-05,,,,,80,200
h3_pilot_rgat_seed7,rgat,7,10,0cae4879252a3d5a,0,0.25605061650276184,1.8187248707234507,0.578529417514801,0,0.578529417514801,0.05331760124151091,0.0,0.0,0.07083168819391165,0.05156177524509385,0.05357142857142857,0.0017558259964170556,-0.00025382732991766077,,,,,80,200
h3_pilot_rgat_seed7,rgat,7,10,16f8548fb818aac6,0,0.27275416254997253,2.1180935531957106,-0.45239317417144775,1,1.4523931741714478,0.026839371222354667,0.0,0.0,0.028493943281125207,0.025681567829515296,0.026785714285714288,0.001157803392839371,5.365693664037899e-05,,,,,80,200
h3_pilot_rgat_seed7,rgat,7,10,2fdd235121ff276a,1,0.9999998807907104,1.3213372570647657,0.571797788143158,-1,1.571797788143158,0.0334794212407029,0.0,0.0,0.03950465156256046,0.036263712117334965,0.03214285714285714,-0.0027842908766320673,0.0013365640978457577,,,,,80,200
h3_pilot_rgat_seed7,rgat,7,10,c1ac4ba0dfef5de3,0,0.487051784992218,1.6523841851200312,0.5708140730857849,1,0.4291859269142151,0.03798501592895548,0.02777777777777778,0.02777777777777778,0.04476942975547486,0.042304337010790366,0.0375,-0.004319321081834887,0.00048501592895548035,,,,,80,200
h3_pilot_rgat_seed7,rgat,7,10,5b1cf9996b2cef81,0,0.009699366986751556,1.1480698829628742,0.5733882784843445,1,0.4266117215156555,0.02832505699908841,0.0,0.0,0.0365805957064125,0.027141236975978436,0.026785714285714288,0.0011838200231099744,0.0015393427133741228,,,,,80,200
h3_pilot_rgat_seed7,rgat,7,10,6b521b05a707c06a,1,0.3076452314853668,2.1304390874251866,-0.44879260659217834,1,1.4487926065921783,0.03940203081236516,0.0,0.0,0.06005728643249345,0.04232163662380656,0.039285714285714285,-0.002919605811441399,0.00011631652665087394,,,,,80,200
h3_pilot_rgat_seed7,rgat,7,10,43ecccd1b28949ef,0,0.5081827640533447,1.4854357898365373,-0.42734494805336,1,1.42734494805336,0.023700742256230145,0.0,0.0,0.02898684048376644,0.02812490467827518,0.023809523809523808,-0.004424162422045037,-0.00010878155329366312,,,,,80,200
h3_pilot_rgat_seed7,rgat,7,10,fddff2137127f8fb,0,0.3585355877876282,1.7649136354033745,0.5728187561035156,1,0.4271812438964844,0.03865549464635708,0.0125,0.0125,0.042476384813121576,0.043635538058781995,0.038392857142857145,-0.004980043412424917,0.0002626375034999323,,,,,80,200
h3_pilot_rgat_seed7,rgat,7,10,edb1eb4a5268aa95,0,0.010300037451088428,1.44160670128624,0.565229058265686,1,0.43477094173431396,0.02315398390330285,0.08333333333333333,0.08333333333333333,0.02598311234152066,0.027042123759897133,0.023214285714285715,-0.003888139856594284,-6.030181098286638e-05,,,,,80,200
h3_pilot_rgat_seed7,rgat,7,10,238b9f777d66eb79,1,0.37870121002197266,1.774838058889153,0.5699857473373413,1,0.4300142526626587,0.024487139659927343,0.0,0.0,0.028578683521519193,0.027206521558764345,0.022619047619047622,-0.0027193818988370012,0.0018680920408797215,,,,,80,200
h3_pilot_rgat_seed7,rgat,7,10,6d2d4c3c5deea829,1,0.6056689023971558,1.2321977019638497,0.5601125359535217,1,0.43988746404647827,0.0234952186414424,0.0,0.0,0.08035565021759015,0.027797568730254567,0.023809523809523808,-0.004302350088812166,-0.00031430516808140727,,,,,80,200
h3_pilot_rgat_seed7,rgat,7,10,da28d68b75d8c28e,0,0.1532309353351593,1.9118031509729358,-0.43727022409439087,1,1.4372702240943909,0.02857142852581277,0.16666666666666666,0.16666666666666666,0.03819027045594049,0.029206977198926072,0.02857142857142857,-0.0006355486731133009,-4.5615799332265894e-11,,,,,80,200
h3_pilot_rgat_seed7,rgat,7,10,6dfc9aa7895ca984,0,0.08296722173690796,2.1164561256025913,-0.44320783019065857,0,0.44320783019065857,0.0244415145756487,0.0,0.0,0.02940321457848955,0.02905873187196652,0.025,-0.004617217296317821,-0.0005584854243513016,,,,,80,200
h3_pilot_rgat_seed7,rgat,7,10,af49a5487217a88a,0,0.09024214744567871,0.7528516505735176,0.5619825720787048,1,0.43801742792129517,0.0499050862844324,0.018518518518518517,0.018518518518518517,0.055608615618705115,0.053967880109173444,0.05000000000000001,-0.004062793824741041,-9.491371556760719e-05,,,,,80,200
h3_pilot_rgat_seed7,rgat,7,10,bfbc69d977ea9925,0,0.4880199134349823,1.2937838790933154,0.5727884769439697,1,0.4272115230560303,0.04767986959198919,0.027777777777777776,0.027777777777777776,0.047752298313589125,0.055669623422681544,0.045238095238095244,-0.007989753830692357,0.0024417743538939427,,,,,80,200
h3_pilot_rgat_seed7,rgat,7,10,33d68d594543e999,1,0.5293653011322021,1.7532917131369985,0.571143627166748,1,0.42885637283325195,0.024704180104010626,0.0,0.0,0.046551494999433465,0.028422448891968988,0.025,-0.003718268787958362,-0.0002958198959893757,,,,,80,200
h3_pilot_rgat_seed7,rgat,7,15,1559aaca170f0da6,0,0.2646239995956421,2.1238462311143818,-0.3161117732524872,1,1.3161117732524872,0.02595191421903373,0.0,0.0,0.028839403785253424,0.02790980958559414,0.025,-0.001957895366560408,0.0009519142190337303,,,,,120,300
h3_pilot_rgat_seed7,rgat,7,15,a7359cadc492ae4c,0,0.3905446231365204,1.77341758883751,-0.3092573881149292,1,1.3092573881149292,0.026011348850986864,0.0,0.0,0.031456333446981594,0.027220365015392968,0.02571428571428571,-0.0012090161644061036,0.00029706313670115406,,,,,120,300
h3_pilot_rgat_seed7,rgat,7,15,b4042b01dc34290f,0,0.3155682384967804,1.5730078253288824,-0.2737477123737335,1,1.2737477123737335,0.02688730509806146,0.08333333333333333,0.08333333333333333,0.030947490240000403,0.026928321474066312,0.026785714285714288,-4.101637600485361e-05,0.0001015908123471708,,,,,120,300
h3_pilot_rgat_seed7,rgat,7,15,61aeded89741679b,1,0.8022519946098328,1.2033818220905916,0.522911548614502,1,0.47708845138549805,0.027965074295609082,0.0,0.0,0.07352705919763283,0.027464267524489043,0.02589285714285714,0.0005008067711200388,0.0020722171527519408,,,,,120,300
h3_pilot_rgat_seed7,rgat,7,15,bec4675552dbe86b,0,0.12665915489196777,1.728696406329819,0.5223207473754883,1,0.4776792526245117,0.03408177335521342,0.0,0.0,0.06511081771976705,0.03930090044018363,0.03452380952380952,-0.005219127084970215,-0.0004420361685961022,,,,,120,300
h3_pilot_rgat_seed7,rgat,7,15,66c00e0e01b84dee,1,0.2848612368106842,2.1000852471048455,-0.3309740126132965,1,1.3309740126132965,0.026064578947699625,0.0,0.0,0.07405904516552464,0.028215422503930086,0.025,-0.0021508435562304605,0.0010645789476996237,,,,,120,300
h3_pilot_rgat_seed7,rgat,7,15,43d35c63294bcfc5,0,0.566312313079834,1.629638684294736,0.5207276940345764,1,0.4792723059654236,0.04218219049397512,0.05,0.05,0.04559590492246409,0.04467513199128213,0.03928571428571429,-0.0024929414973070135,0.0028964762082608272,,,,,120,300
h3_pilot_rgat_seed7,rgat,7,15,d3a2c2817219093a,0,0.29539012908935547,1.9808164943937565,-0.3209797739982605,1,1.3209797739982605,0.025644637113471362,0.0,0.0,0.033795034977491346,0.028638869549635286,0.025,-0.002994232436163924,0.0006446371134713608,,,,,120,300
h3_pilot_rgat_seed7,rgat,7,15,0cae4879252a3d5a,0,0.15851524472236633,1.8751082999065265,0.5393171906471252,0,0.5393171906471252,0.05426377910817028,0.0,0.0,0.07172988306148705,0.05156177524509385,0.05357142857142857,0.002702003863076431,0.0006923505367417149,,,,,120,300
h3_pilot_rgat_seed7,rgat,7,15,16f8548fb818aac6,1,0.27408716082572937,2.0960153115099516,-0.336923748254776,1,1.336923748254776,0.027156805307513052,0.0,0.0,0.029941365641846386,0.025681567829515296,0.026785714285714288,0.0014752374779977567,0.00037109102179876466,,,,,120,300
h3_pilot_rgat_seed7,rgat,7,15,2fdd235121ff276a,1,1.0,1.3179766879746262,0.5344231128692627,-1,1.5344231128692627,0.0354302282483166,0.0,0.0,0.04330562976258418,0.036263712117334965,0.03214285714285714,-0.0008334838690183671,0.003287371105459458,,,,,120,300
h3_pilot_rgat_seed7,rgat,7,15,c1ac4ba0dfef5de3,0,0.5812525153160095,1.5585946139297537,0.5320853590965271,1,0.4679146409034729,0.03917399323070625,0.02777777777777778,0.02777777777777778,0.04645536512005054,0.042304337010790366,0.0375,-0.003130343780084116,0.0016739932307062513,,,,,120,300
h3_pilot_rgat_seed7,rgat,7,15,5b1cf9996b2cef81,0,0.02594730630517006,1.3596779071841307,0.5319480299949646,1,0.4680519700050354,0.028078662244023042,0.0,0.0,0.03563777606688675,0.027141236975978436,0.026785714285714288,0.000937425268044606,0.0012929479583087544,,,,,120,300
h3_pilot_rgat_seed7,rgat,7,15,6b521b05a707c06a,1,0.40131667256355286,2.028423411047614,-0.3215417265892029,1,1.3215417265892029,0.03922760542481599,0.0,0.0,0.05869885239506373,0.04232163662380656,0.039285714285714285,-0.003094031198990571,-5.8108860898298254e-05,,,,,120,300
h3_pilot_rgat_seed7,rgat,7,15,43ecccd1b28949ef,0,0.45056265592575073,1.3676876707965622,-0.27730292081832886,1,1.2773029208183289,0.023422630546038367,0.0,0.0,0.030528820933169155,0.02812490467827518,0.023809523809523808,-0.004702274132236815,-0.00038689326348544106,,,,,120,300
h3_pilot_rgat_seed7,rgat,7,15,fddff2137127f8fb,0,0.3491666316986084,1.843399919533099,0.5325950384140015,1,0.46740496158599854,0.03909394336587338,0.0125,0.0125,0.043059638666117665,0.043635538058781995,0.038392857142857145,-0.004541594692908615,0.000701086223016234,,,,,120,300
h3_pilot_rgat_seed7,rgat,7,15,edb1eb4a5268aa95,0,0.02350878342986107,1.82719605713865,0.5198372602462769,1,0.48016273975372314,0.022201795818564497,0.08333333333333333,0.08333333333333333,0.02606792374801707,0.027042123759897133,0.023214285714285715,-0.004840327941332635,-0.0010124898957212178,,,,,120,300
h3_pilot_rgat_seed7,rgat,7,15,238b9f777d66eb79,0,0.27919861674308777,1.938061904359279,0.5265929102897644,1,0.4734070897102356,0.025791245594805192,0.0,0.0,0.0294145018643835,0.027206521558764345,0.022619047619047622,-0.0014152759639591526,0.00317219797575757,,,,,120,300
h3_pilot_rgat_seed7,rgat,7,15,6d2d4c3c5deea829,0,0.32851991057395935,1.4141363466394454,0.5097402334213257,1,0.4902597665786743,0.022765836732837472,0.0,0.0,0.07933772122554414,0.027797568730254567,0.023809523809523808,-0.0050317319974170945,-0.0010436870766863358,,,,,120,300
h3_pilot_rgat_seed7,rgat,7,15,da28d68b75d8c28e,0,0.1294257640838623,1.8980549910466542,-0.3088817000389099,1,1.30888170003891,0.028571428379842213,0.16666666666666666,0.16666666666666666,0.03751022727344611,0.029206977198926072,0.02857142857142857,-0.0006355488190838594,-1.9158635788940614e-10,,,,,120,300
h3_pilot_rgat_seed7,rgat,7,15,6dfc9aa7895ca984,0,0.08775181323289871,2.0671624979794894,-0.31009769439697266,0,0.31009769439697266,0.02217141464199033,0.0,0.0,0.030614435749371532,0.02905873187196652,0.025,-0.006887317229976191,-0.002828585358009672,,,,,120,300
h3_pilot_rgat_seed7,rgat,7,15,af49a5487217a88a,0,0.1528770476579666,0.7332010426332123,0.5148263573646545,1,0.48517364263534546,0.04736743189899959,0.018518518518518517,0.018518518518518517,0.05473676102505434,0.053967880109173444,0.05000000000000001,-0.006600448210173852,-0.002632568101000418,,,,,120,300
h3_pilot_rgat_seed7,rgat,7,15,bfbc69d977ea9925,0,0.5285903215408325,1.5233502469366598,0.5327642560005188,1,0.4672357439994812,0.04776907481932551,0.027777777777777776,0.027777777777777776,0.04760622332164139,0.055669623422681544,0.045238095238095244,-0.007900548603356032,0.002530979581230268,,,,,120,300
h3_pilot_rgat_seed7,rgat,7,15,33d68d594543e999,0,0.14992447197437286,1.6379849174170098,0.529144823551178,1,0.470855176448822,0.026069660306508213,0.0,0.0,0.04871684659126386,0.028422448891968988,0.025,-0.002352788585460775,0.0010696603065082112,,,,,120,300
h3_pilot_rgat_seed7,rgat,7,20,1559aaca170f0da6,0,0.229092538356781,2.0940088463637414,-0.1698584258556366,1,1.1698584258556366,0.025751388118534942,0.0,0.0,0.028681402850574654,0.02790980958559414,0.025,-0.0021584214670591975,0.000751388118534941,0.9200000166893005,1,0.7059501219542295,0.6909074783325195,160,400
h3_pilot_rgat_seed7,rgat,7,20,a7359cadc492ae4c,0,0.37798556685447693,1.7156950320896183,-0.16167961061000824,1,1.1616796106100082,0.025855533910114935,0.0,0.0,0.03132973334523781,0.027220365015392968,0.02571428571428571,-0.0013648311052780332,0.00014124819582922443,0.9399999976158142,1,0.2651583715493512,0.5620144605636597,160,400
h3_pilot_rgat_seed7,rgat,7,20,b4042b01dc34290f,0,0.3023853003978729,1.5663736724357502,-0.11076132208108902,1,1.110761322081089,0.026845589587295292,0.08333333333333333,0.08333333333333333,0.030668834074961883,0.026928321474066312,0.026785714285714288,-8.273188677102028e-05,5.9875301581004126e-05,0.9200000166893005,1,0.9996424312339711,0.61761474609375,160,400
h3_pilot_rgat_seed7,rgat,7,20,61aeded89741679b,1,0.7877705097198486,1.4256103103989424,0.5094290375709534,1,0.49057096242904663,0.027360973811136367,0.0,0.0,0.07330580899455519,0.027464267524489043,0.02589285714285714,-0.00010329371335267637,0.0014681166682792256,0.9799999594688416,1,0.5939279248643959,0.19222944974899292,160,400
h3_pilot_rgat_seed7,rgat,7,20,bec4675552dbe86b,1,0.2943204939365387,1.834336424074083,0.5076255202293396,1,0.4923744797706604,0.03422863432511966,0.0,0.0,0.06483786943160107,0.03930090044018363,0.03452380952380952,-0.005072266115063971,-0.0002951751986898579,0.8799999952316284,1,0.4882935014788278,0.5856795310974121,160,400
h3_pilot_rgat_seed7,rgat,7,20,66c00e0e01b84dee,1,0.29607412219047546,2.0857447199417347,-0.18988622725009918,1,1.1898862272500992,0.02581749266347383,0.0,0.0,0.07482610242804101,0.028215422503930086,0.025,-0.0023979298404562567,0.0008174926634738275,0.9599999785423279,1,0.1956700529347462,0.6639258861541748,160,400
h3_pilot_rgat_seed7,rgat,7,20,43d35c63294bcfc5,1,0.6582969427108765,1.7415465144759905,0.5081636905670166,1,0.4918363094329834,0.04157377753526526,0.05,0.05,0.0460479304103521,0.04467513199128213,0.03928571428571429,-0.0031013544560168707,0.00228806324955097,0.9199999570846558,1,1.0669093146024167,0.2617030143737793,160,400
h3_pilot_rgat_seed7,rgat,7,20,d3a2c2817219093a,0,0.29659557342529297,1.9819117189916233,-0.17984670400619507,1,1.179846704006195,0.025425208192406873,0.0,0.0,0.03330557040389114,0.028638869549635286,0.025,-0.003213661357228413,0.0004252081924068715,0.9599999785423279,1,0.1956700529347462,0.6634044051170349,160,400
h3_pilot_rgat_seed7,rgat,7,20,0cae4879252a3d5a,0,0.14012466371059418,1.8949717821801653,0.5237167477607727,0,0.5237167477607727,0.0539256899603844,0.0,0.0,0.0717944659088991,0.05156177524509385,0.05357142857142857,0.0023639147152905507,0.00035426138895583437,0.6000000238418579,1,1.3617736172429642,0.45987534523010254,160,400
h3_pilot_rgat_seed7,rgat,7,20,16f8548fb818aac6,1,0.2719021439552307,2.0980127535088675,-0.19995969533920288,1,1.1999596953392029,0.027065785618905422,0.0,0.0,0.029550836172061466,0.025681567829515296,0.026785714285714288,0.0013842177893901263,0.0002800713331911342,0.9399999976158142,1,0.2928842581520271,0.6680978536605835,160,400
h3_pilot_rgat_seed7,rgat,7,20,2fdd235121ff276a,1,1.0,1.296999904930911,0.5247696042060852,-1,1.5247696042060852,0.035083683801039656,0.0,0.0,0.0433875107109786,0.036263712117334965,0.03214285714285714,-0.001180028316295309,0.002940826658182516,0.9999999403953552,1,2.090072839408489,-5.960464477539063e-08,160,400
h3_pilot_rgat_seed7,rgat,7,20,c1ac4ba0dfef5de3,1,0.7337782979011536,1.6511619262401174,0.5260140895843506,1,0.4739859104156494,0.03889635598196313,0.02777777777777778,0.02777777777777778,0.04659528642260865,0.042304337010790366,0.0375,-0.0034079810288272366,0.0013963559819631308,0.9399999380111694,1,1.1862039591885183,0.20622164011001587,160,400
h3_pilot_rgat_seed7,rgat,7,20,5b1cf9996b2cef81,0,0.03711051493883133,1.4349292659063424,0.5188864469528198,1,0.4811135530471802,0.02735903861067876,0.0,0.0,0.03541404402191477,0.027141236975978436,0.026785714285714288,0.00021780163470032365,0.000573324324964472,0.699999988079071,1,0.9844966197324314,0.6628894805908203,160,400
h3_pilot_rgat_seed7,rgat,7,20,6b521b05a707c06a,1,0.45269113779067993,1.925849650078293,-0.18101979792118073,1,1.1810197979211807,0.038959485275268324,0.0,0.0,0.05717392628026661,0.04232163662380656,0.039285714285714285,-0.0033621513485382337,-0.00032622901044596087,0.9800000190734863,1,0.0980390932898058,0.5273088812828064,160,400
h3_pilot_rgat_seed7,rgat,7,20,43ecccd1b28949ef,0,0.45285624265670776,1.3526188299353086,-0.1078280583024025,1,1.1078280583024025,0.023680730328651405,0.0,0.0,0.03018191321364676,0.02812490467827518,0.023809523809523808,-0.0044441743496237765,-0.00012879348087240297,0.9399999976158142,1,0.8525408593492201,0.48714375495910645,160,400
h3_pilot_rgat_seed7,rgat,7,20,fddff2137127f8fb,0,0.24882575869560242,1.6911146333701608,0.5173901319503784,1,0.4826098680496216,0.03950731077914073,0.0125,0.0125,0.04365150947162573,0.043635538058781995,0.038392857142857145,-0.004128227279641267,0.0011144536362835827,0.8199999928474426,1,0.5654190127664878,0.5711742639541626,160,400
h3_pilot_rgat_seed7,rgat,7,20,edb1eb4a5268aa95,0,0.025713954120874405,1.8388140213589073,0.5041641592979431,1,0.4958358407020569,0.02277859194854158,0.08333333333333333,0.08333333333333333,0.0263751241049982,0.027042123759897133,0.023214285714285715,-0.004263531811355553,-0.00043569376574413565,0.11999999731779099,0,2.0737523980014614,0.09428603947162628,160,400
h3_pilot_rgat_seed7,rgat,7,20,238b9f777d66eb79,0,0.306363046169281,2.018401060093334,0.5165737867355347,1,0.48342621326446533,0.02516241790748984,0.0,0.0,0.029516664687700252,0.027206521558764345,0.022619047619047622,-0.002044103651274505,0.0025433702884422177,0.9399999976158142,1,0.6607661220762475,0.6336369514465332,160,400
h3_pilot_rgat_seed7,rgat,7,20,6d2d4c3c5deea829,0,0.3682102560997009,1.5070011866284145,0.49324795603752136,1,0.5067520439624786,0.023194925795900757,0.0,0.0,0.07930167543520705,0.027797568730254567,0.023809523809523808,-0.00460264293435381,-0.0006145980136230515,0.9399999976158142,1,0.2651583715493512,0.5717897415161133,160,400
h3_pilot_rgat_seed7,rgat,7,20,da28d68b75d8c28e,0,0.12444625794887543,1.8824098615646336,-0.16637945175170898,1,1.166379451751709,0.028571428634530428,0.16666666666666666,0.16666666666666666,0.03750352606892493,0.029206977198926072,0.02857142857142857,-0.0006355485643956445,6.310185707292248e-11,0.8999999761581421,1,0.4860267794558468,0.7755537033081055,160,400
h3_pilot_rgat_seed7,rgat,7,20,6dfc9aa7895ca984,0,0.09243450313806534,2.058225111150139,-0.16292233765125275,0,0.16292233765125275,0.022782548010872133,0.0,0.0,0.030929176041482275,0.02905873187196652,0.025,-0.006276183861094388,-0.0022174519891278686,0.5799999833106995,1,1.5326381426153657,0.4875654876232147,160,400
h3_pilot_rgat_seed7,rgat,7,20,af49a5487217a88a,0,0.1586047261953354,0.6948489762200865,0.49590909481048584,1,0.5040909051895142,0.04810979441919309,0.018518518518518517,0.018518518518518517,0.05420505565528431,0.053967880109173444,0.05000000000000001,-0.0058580856899803566,-0.0018902055808069224,0.6600000262260437,1,0.6410354628342829,0.5013952851295471,160,400
h3_pilot_rgat_seed7,rgat,7,20,bfbc69d977ea9925,0,0.5594512224197388,1.6722408286163453,0.5257028341293335,1,0.4742971658706665,0.04621919016158401,0.027777777777777776,0.027777777777777776,0.04786432137893367,0.055669623422681544,0.045238095238095244,-0.009450433261097534,0.0009810949234887664,0.7599999904632568,1,0.9141459176261897,0.20054876804351807,160,400
h3_pilot_rgat_seed7,rgat,7,20,33d68d594543e999,0,0.1265217661857605,1.6807879405836061,0.5190594792366028,1,0.4809405207633972,0.025818969544037906,0.0,0.0,0.04947810268624386,0.028422448891968988,0.025,-0.002603479347931082,0.0008189695440379043,0.6600000262260437,1,1.0674292803128138,0.5334782600402832,160,400
h3_pilot_rgat_seed7,rgat,7,25,1559aaca170f0da6,0,0.2116011381149292,2.0969890751132554,-0.003541296347975731,1,1.0035412963479757,0.025667053938647752,0.0,0.0,0.028552066115794313,0.02790980958559414,0.025,-0.002242755646946388,0.0006670539386477506,,,,,200,500
h3_pilot_rgat_seed7,rgat,7,25,a7359cadc492ae4c,0,0.3827918767929077,1.6876076690666073,0.00514932069927454,1,0.9948506793007255,0.02570262536171425,0.0,0.0,0.030486043172923184,0.027220365015392968,0.02571428571428571,-0.0015177396536787194,-1.1660352571461752e-05,,,,,200,500
h3_pilot_rgat_seed7,rgat,7,25,b4042b01dc34290f,0,0.2965843081474304,1.5216794567071072,0.08877705782651901,1,0.911222942173481,0.026791905801476022,0.08333333333333333,0.08333333333333333,0.030632623128083743,0.026928321474066312,0.026785714285714288,-0.00013641567259028986,6.191515761734545e-06,,,,,200,500
h3_pilot_rgat_seed7,rgat,7,25,61aeded89741679b,1,0.7927973866462708,1.4970607836956895,0.6121797561645508,1,0.3878202438354492,0.027214703839457288,0.0,0.0,0.07311726725044318,0.027464267524489043,0.02589285714285714,-0.0002495636850317548,0.0013218466966001471,,,,,200,500
h3_pilot_rgat_seed7,rgat,7,25,bec4675552dbe86b,1,0.2515915036201477,1.8209792356104895,0.60853111743927,1,0.39146888256073,0.03420249456125266,0.0,0.0,0.06503704833436985,0.03930090044018363,0.03452380952380952,-0.00509840587893097,-0.00032131496255685676,,,,,200,500
h3_pilot_rgat_seed7,rgat,7,25,66c00e0e01b84dee,1,0.3212450444698334,2.0396343127070407,-0.03214006498456001,1,1.03214006498456,0.02567981007904047,0.0,0.0,0.07373605459013653,0.028215422503930086,0.025,-0.002535612424889616,0.0006798100790404681,,,,,200,500
h3_pilot_rgat_seed7,rgat,7,25,43d35c63294bcfc5,1,0.7060954570770264,1.7503400895727572,0.6118103265762329,1,0.3881896734237671,0.04181923138326014,0.05,0.05,0.0463723626839029,0.04467513199128213,0.03928571428571429,-0.0028559006080219954,0.0025335170975458454,,,,,200,500
h3_pilot_rgat_seed7,rgat,7,25,d3a2c2817219093a,1,0.3206065893173218,2.0308950576209255,-0.016674354672431946,1,1.016674354672432,0.025234344976846058,0.0,0.0,0.032983411415735166,0.028638869549635286,0.025,-0.0034045245727892283,0.00023434497684605635,,,,,200,500
h3_pilot_rgat_seed7,rgat,7,25,0cae4879252a3d5a,0,0.1631486564874649,1.900357662638365,0.6284647583961487,0,0.6284647583961487,0.05391369471741634,0.0,0.0,0.07169413061876705,0.05156177524509385,0.05357142857142857,0.0023519194723224876,0.0003422661459877713,,,,,200,500
h3_pilot_rgat_seed7,rgat,7,25,16f8548fb818aac6,1,0.292519211769104,2.0746789152844136,-0.052514731884002686,1,1.0525147318840027,0.027219637161874907,0.0,0.0,0.029534226109441404,0.025681567829515296,0.026785714285714288,0.0015380693323596116,0.00043392287616061953,,,,,200,500
h3_pilot_rgat_seed7,rgat,7,25,2fdd235121ff276a,1,1.0000001192092896,1.4411540211298102,0.6311558485031128,-1,1.6311558485031128,0.03489411767815895,0.0,0.0,0.04271323348248212,0.036263712117334965,0.03214285714285714,-0.0013695944391760168,0.0027512605353018083,,,,,200,500
h3_pilot_rgat_seed7,rgat,7,25,c1ac4ba0dfef5de3,1,0.799022912979126,1.6234991185287764,0.6318963766098022,1,0.36810362339019775,0.03872809952500608,0.02777777777777778,0.02777777777777778,0.046268287533278434,0.042304337010790366,0.0375,-0.003576237485784284,0.0012280995250060836,,,,,200,500
h3_pilot_rgat_seed7,rgat,7,25,5b1cf9996b2cef81,0,0.029855094850063324,1.3987467349585254,0.6205957531929016,1,0.3794042468070984,0.027371895269703107,0.0,0.0,0.035322281372209066,0.027141236975978436,0.026785714285714288,0.00023065829372467123,0.0005861809839888196,,,,,200,500
h3_pilot_rgat_seed7,rgat,7,25,6b521b05a707c06a,1,0.502327024936676,1.8475545725399565,-0.021838948130607605,1,1.0218389481306076,0.03899993846343756,0.0,0.0,0.05742985484087638,0.04232163662380656,0.039285714285714285,-0.0033216981603690007,-0.0002857758222767279,,,,,200,500
h3_pilot_rgat_seed7,rgat,7,25,43ecccd1b28949ef,0,0.5086790323257446,1.351843424291685,0.09808793663978577,1,0.9019120633602142,0.023772024813696446,0.0,0.0,0.029101268748235584,0.02812490467827518,0.023809523809523808,-0.0043528798645787355,-3.7498995827361936e-05,,,,,200,500
h3_pilot_rgat_seed7,rgat,7,25,fddff2137127f8fb,0,0.2406359612941742,1.531108523679688,0.6191359162330627,1,0.38086408376693726,0.03950587162263669,0.0125,0.0125,0.043253324829346504,0.043635538058781995,0.038392857142857145,-0.0041296664361453045,0.001113014479779545,,,,,200,500
h3_pilot_rgat_seed7,rgat,7,25,edb1eb4a5268aa95,0,0.022746041417121887,1.7561151977966858,0.6066701412200928,1,0.3933298587799072,0.022814502192082385,0.08333333333333333,0.08333333333333333,0.026272234463725265,0.027042123759897133,0.023214285714285715,-0.0042276215678147475,-0.00039978352220332997,,,,,200,500
h3_pilot_rgat_seed7,rgat,7,25,238b9f777d66eb79,0,0.3032740652561188,1.976101043440605,0.6238512992858887,1,0.37614870071411133,0.02502284246122082,0.0,0.0,0.029326417177432992,0.027206521558764345,0.022619047619047622,-0.002183679097543526,0.0024037948421731965,,,,,200,500
h3_pilot_rgat_seed7,rgat,7,25,6d2d4c3c5deea829,0,0.3185156583786011,1.4861956686393503,0.5973042249679565,1,0.40269577503204346,0.023102999315336464,0.0,0.0,0.07949820299624703,0.027797568730254567,0.023809523809523808,-0.0046945694149181025,-0.0007065244941873439,,,,,200,500
h3_pilot_rgat_seed7,rgat,7,25,da28d68b75d8c28e,0,0.10645508766174316,1.8657327180702021,0.0012875453103333712,1,0.9987124546896666,0.02857142842241696,0.16666666666666666,0.16666666666666666,0.037308211264341536,0.029206977198926072,0.02857142857142857,-0.0006355487765091136,-1.4901161207725444e-10,,,,,200,500
h3_pilot_rgat_seed7,rgat,7,25,6dfc9aa7895ca984,0,0.08848580718040466,2.0156797339812256,0.012371119111776352,0,0.012371119111776352,0.023078623856367886,0.0,0.0,0.030301559833560043,0.02905873187196652,0.025,-0.005980108015598635,-0.0019213761436321156,,,,,200,500
h3_pilot_rgat_seed7,rgat,7,25,af49a5487217a88a,0,0.17796577513217926,0.6879420636997422,0.6005732417106628,1,0.39942675828933716,0.047931320709040326,0.018518518518518517,0.018518518518518517,0.05412246833765311,0.053967880109173444,0.05000000000000001,-0.006036559400133118,-0.0020686792909596838,,,,,200,500
h3_pilot_rgat_seed7,rgat,7,25,bfbc69d977ea9925,0,0.5630566477775574,1.6226236779412782,0.6281401515007019,1,0.3718598484992981,0.04526478471630915,0.027777777777777776,0.027777777777777776,0.046694478637251034,0.055669623422681544,0.045238095238095244,-0.01040483870637239,2.6689478213909323e-05,,,,,200,500
h3_pilot_rgat_seed7,rgat,7,25,33d68d594543e999,0,0.10871924459934235,1.6049807629722854,0.6247995495796204,1,0.37520045042037964,0.0255217273193559,0.0,0.0,0.04837351054195387,0.028422448891968988,0.025,-0.0029007215726130874,0.000521727319355899,,,,,200,500
h3_pilot_rgat_seed7,rgat,7,30,1559aaca170f0da6,0,0.2074139416217804,2.096434175554196,0.21843017637729645,1,0.7815698236227036,0.025673364575657984,0.0,0.0,0.028910090767600403,0.02790980958559414,0.025,-0.002236445009936156,0.0006733645756579823,,,,,240,600
h3_pilot_rgat_seed7,rgat,7,30,a7359cadc492ae4c,0,0.43859049677848816,1.732963140380743,0.22619782388210297,1,0.773802176117897,0.025634150828874123,0.0,0.0,0.03033411261095408,0.027220365015392968,0.02571428571428571,-0.0015862141865188445,-8.013488541158686e-05,,,,,240,600
h3_pilot_rgat_seed7,rgat,7,30,b4042b01dc34290f,0,0.31790465116500854,1.5089677943196378,0.2858632802963257,1,0.7141367197036743,0.026778384136649486,0.08333333333333333,0.08333333333333333,0.030662821285995137,0.026928321474066312,0.026785714285714288,-0.0001499373374168264,-7.330149064802005e-06,,,,,240,600
h3_pilot_rgat_seed7,rgat,7,30,61aeded89741679b,1,0.7714554071426392,1.5953002365985314,0.5955095291137695,1,0.40449047088623047,0.026987375794453324,0.0,0.0,0.07320958845922253,0.027464267524489043,0.02589285714285714,-0.0004768917300357195,0.0010945186515961824,,,,,240,600
h3_pilot_rgat_seed7,rgat,7,30,bec4675552dbe86b,1,0.34522002935409546,1.805425652496187,0.5911250114440918,1,0.4088749885559082,0.034313940602712915,0.0,0.0,0.06495293261547284,0.03930090044018363,0.03452380952380952,-0.004986959837470717,-0.0002098689210966037,,,,,240,600
h3_pilot_rgat_seed7,rgat,7,30,66c00e0e01b84dee,1,0.35284847021102905,1.9949332773318518,0.19288182258605957,1,0.8071181774139404,0.025554881500790078,0.0,0.0,0.0732421305703429,0.028215422503930086,0.025,-0.002660541003140008,0.0005548815007900762,,,,,240,600
h3_pilot_rgat_seed7,rgat,7,30,43d35c63294bcfc5,1,0.7548469305038452,1.7218316155076563,0.5956775546073914,1,0.40432244539260864,0.04160971162787183,0.05,0.05,0.04626824993636295,0.04467513199128213,0.03928571428571429,-0.003065420363410301,0.0023239973421575397,,,,,240,600
h3_pilot_rgat_seed7,rgat,7,30,d3a2c2817219093a,1,0.33506032824516296,2.040392093624228,0.2081981599330902,1,0.7918018400669098,0.025284158075704534,0.0,0.0,0.03267698951856921,0.028638869549635286,0.025,-0.003354711473930752,0.00028415807570453255,,,,,240,600
h3_pilot_rgat_seed7,rgat,7,30,0cae4879252a3d5a,0,0.1625494658946991,1.9092361643938844,0.6084530353546143,0,0.6084530353546143,0.053978383058909556,0.0,0.0,0.07180424388331673,0.05156177524509385,0.05357142857142857,0.0024166078138157035,0.00040695448748098717,,,,,240,600
h3_pilot_rgat_seed7,rgat,7,30,16f8548fb818aac6,1,0.3331991136074066,2.0693908501260507,0.1784612089395523,1,0.8215387910604477,0.027277317072032965,0.0,0.0,0.02984238922722412,0.025681567829515296,0.026785714285714288,0.0015957492425176696,0.0004916027863186775,,,,,240,600
h3_pilot_rgat_seed7,rgat,7,30,2fdd235121ff276a,1,0.9999999403953552,1.267000070271645,0.6139679551124573,-1,1.6139679551124573,0.034563920306274254,0.0,0.0,0.04260798415859092,0.036263712117334965,0.03214285714285714,-0.0016997918110607108,0.0024210631634171143,,,,,240,600
h3_pilot_rgat_seed7,rgat,7,30,c1ac4ba0dfef5de3,1,0.7921221852302551,1.6616787817411656,0.6165374517440796,1,0.3834625482559204,0.03857471911470377,0.02777777777777778,0.02777777777777778,0.0461468971900761,0.042304337010790366,0.0375,-0.0037296178960865983,0.001074719114703769,,,,,240,600
h3_pilot_rgat_seed7,rgat,7,30,5b1cf9996b2cef81,0,0.048284824937582016,1.5186251483243771,0.6040841341018677,1,0.3959158658981323,0.027245076014530436,0.0,0.0,0.03536819217593298,0.027141236975978436,0.026785714285714288,0.0001038390385519998,0.0004593617288161482,,,,,240,600
h3_pilot_rgat_seed7,rgat,7,30,6b521b05a707c06a,1,0.5183044075965881,1.8173626461912475,0.20585817098617554,1,0.7941418290138245,0.03908190095574231,0.0,0.0,0.05765776764448425,0.04232163662380656,0.039285714285714285,-0.0032397356680642503,-0.00020381332997197743,,,,,240,600
h3_pilot_rgat_seed7,rgat,7,30,43ecccd1b28949ef,1,0.5349386930465698,1.3457131777625244,0.29300951957702637,1,0.7069904804229736,0.023742922697621033,0.0,0.0,0.02885397875335495,0.02812490467827518,0.023809523809523808,-0.004381981980654148,-6.66011119027747e-05,,,,,240,600
h3_pilot_rgat_seed7,rgat,7,30,fddff2137127f8fb,0,0.24804040789604187,1.6011523780865047,0.6036849021911621,1,0.3963150978088379,0.03938332754904914,0.0125,0.0125,0.0431366258517467,0.043635538058781995,0.038392857142857145,-0.0042522105097328525,0.000990470406191997,,,,,240,600
h3_pilot_rgat_seed7,rgat,7,30,edb1eb4a5268aa95,0,0.024614637717604637,1.798977484782513,0.5893648266792297,1,0.41063517332077026,0.022857566647099155,0.08333333333333333,0.08333333333333333,0.02613313204339726,0.027042123759897133,0.023214285714285715,-0.004184557112797978,-0.00035671906718656027,,,,,240,600
h3_pilot_rgat_seed7,rgat,7,30,238b9f777d66eb79,0,0.33626651763916016,1.9927548769307724,0.6091437935829163,1,0.39085620641708374,0.024768577625481642,0.0,0.0,0.029159487599112396,0.027206521558764345,0.022619047619047622,-0.0024379439332827026,0.00214953000643402,,,,,240,600
h3_pilot_rgat_seed7,rgat,7,30,6d2d4c3c5deea829,0,0.30489057302474976,1.5554041936908785,0.581407904624939,1,0.41859209537506104,0.023281859270648724,0.0,0.0,0.07961167141042774,0.027797568730254567,0.023809523809523808,-0.004515709459605843,-0.000527664538875084,,,,,240,600
h3_pilot_rgat_seed7,rgat,7,30,da28d68b75d8c28e,0,0.11055071651935577,1.8772976046468064,0.21991117298603058,1,0.7800888270139694,0.028571428677865437,0.16666666666666666,0.16666666666666666,0.037109308855692066,0.029206977198926072,0.02857142857142857,-0.0006355485210606353,1.0643686626510274e-10,,,,,240,600
h3_pilot_rgat_seed7,rgat,7,30,6dfc9aa7895ca984,0,0.08481734991073608,2.048223583452978,0.23200494050979614,0,0.23200494050979614,0.023097909016567997,0.0,0.0,0.030074758055244673,0.02905873187196652,0.025,-0.005960822855398524,-0.0019020909834320046,,,,,240,600
h3_pilot_rgat_seed7,rgat,7,30,af49a5487217a88a,0,0.17100588977336884,0.6862197874624658,0.5832124948501587,1,0.4167875051498413,0.04844165474221349,0.018518518518518517,0.018518518518518517,0.05413656439742313,0.053967880109173444,0.05000000000000001,-0.005526225366959951,-0.001558345257786517,,,,,240,600
h3_pilot_rgat_seed7,rgat,7,30,bfbc69d977ea9925,0,0.5212271213531494,1.7224422721487629,0.6136549115180969,1,0.3863450884819031,0.04512637729034424,0.027777777777777776,0.027777777777777776,0.04629421687680394,0.055669623422681544,0.045238095238095244,-0.010543246132337307,-0.00011171794775100691,,,,,240,600
h3_pilot_rgat_seed7,rgat,7,30,33d68d594543e999,0,0.12976625561714172,1.6893413273244131,0.6077471375465393,1,0.3922528624534607,0.025449339173273362,0.0,0.0,0.04835466611741114,0.028422448891968988,0.025,-0.0029731097186956254,0.0004493391732733609,,,,,240,600
h3_pilot_rgat_seed7,rgat,7,35,1559aaca170f0da6,0,0.1877194344997406,2.0693567837100697,0.39307352900505066,1,0.6069264709949493,0.02561545602827853,0.0,0.0,0.02908841801286889,0.02790980958559414,0.025,-0.0022943535573156093,0.0006154560282785292,,,,,280,700
h3_pilot_rgat_seed7,rgat,7,35,a7359cadc492ae4c,0,0.4408642053604126,1.7487830005523648,0.402224063873291,1,0.597775936126709,0.025581552123842832,0.0,0.0,0.03029606056037462,0.027220365015392968,0.02571428571428571,-0.0016388128915501357,-0.00013273359044287808,,,,,280,700
h3_pilot_rgat_seed7,rgat,7,35,b4042b01dc34290f,0,0.2913377285003662,1.499004280714437,0.4582741856575012,1,0.5417258143424988,0.026766508171900558,0.08333333333333333,0.08333333333333333,0.030621964218345885,0.026928321474066312,0.026785714285714288,-0.00016181330216575446,-1.9206113813730052e-05,,,,,280,700
h3_pilot_rgat_seed7,rgat,7,35,61aeded89741679b,1,0.8234469890594482,1.4328360231787656,0.6179330945014954,1,0.38206690549850464,0.026814536349384546,0.0,0.0,0.07286835296635638,0.027464267524489043,0.02589285714285714,-0.0006497311751044975,0.0009216792065274045,,,,,280,700
h3_pilot_rgat_seed7,rgat,7,35,bec4675552dbe86b,1,0.3469639718532562,1.7341689459301994,0.6182252764701843,1,0.3817747235298157,0.034293099197682995,0.0,0.0,0.06500784257956323,0.03930090044018363,0.03452380952380952,-0.005007801242500637,-0.00023071032612652365,,,,,280,700
h3_pilot_rgat_seed7,rgat,7,35,66c00e0e01b84dee,1,0.3788081705570221,1.9538283950890607,0.37171852588653564,1,0.6282814741134644,0.025507906904316154,0.0,0.0,0.07274100968310272,0.028215422503930086,0.025,-0.002707515599613932,0.0005079069043161522,,,,,280,700
h3_pilot_rgat_seed7,rgat,7,35,43d35c63294bcfc5,1,0.7998050451278687,1.7009929453334451,0.6187599897384644,1,0.38124001026153564,0.04170823426098846,0.05,0.05,0.04646638062216458,0.04467513199128213,0.03928571428571429,-0.002966897730293676,0.002422519975274165,,,,,280,700
h3_pilot_rgat_seed7,rgat,7,35,d3a2c2817219093a,1,0.3548118472099304,2.0114850967330224,0.3836958706378937,1,0.6163041293621063,0.025304760827702426,0.0,0.0,0.03259643461383711,0.028638869549635286,0.025,-0.0033341087219328595,0.0003047608277024251,,,,,280,700
h3_pilot_rgat_seed7,rgat,7,35,0cae4879252a3d5a,0,0.1645665168762207,1.9600682103827545,0.6354629993438721,0,0.6354629993438721,0.05389194761479007,0.0,0.0,0.07180482214244827,0.05156177524509385,0.05357142857142857,0.0023301723696962165,0.00032051904336150017,,,,,280,700
h3_pilot_rgat_seed7,rgat,7,35,16f8548fb818aac6,1,0.30779603123664856,2.065711847846857,0.35952284932136536,1,0.6404771506786346,0.02729570967518622,0.0,0.0,0.029941676354633837,0.025681567829515296,0.026785714285714288,0.0016141418456709251,0.0005099953894719331,,,,,280,700
h3_pilot_rgat_seed7,rgat,7,35,2fdd235121ff276a,1,0.9999999403953552,1.3719503123105141,0.6441245675086975,-1,1.6441245675086975,0.0343505828721007,0.0,0.0,0.042431547767926805,0.036263712117334965,0.03214285714285714,-0.001913129245234263,0.002207725729243562,,,,,280,700
h3_pilot_rgat_seed7,rgat,7,35,c1ac4ba0dfef5de3,1,0.8219367861747742,1.6735775617724795,0.6476773023605347,1,0.35232269763946533,0.03852563957474685,0.02777777777777778,0.02777777777777778,0.04615105244201607,0.042304337010790366,0.0375,-0.0037786974360435183,0.0010256395747468491,,,,,280,700
h3_pilot_rgat_seed7,rgat,7,35,5b1cf9996b2cef81,0,0.032110795378685,1.416010406587997,0.6299099326133728,1,0.3700900673866272,0.027182142358366433,0.0,0.0,0.03547964577581546,0.027141236975978436,0.026785714285714288,4.090538238799707e-05,0.00039642807265214547,,,,,280,700
h3_pilot_rgat_seed7,rgat,7,35,6b521b05a707c06a,1,0.5563217401504517,1.7351277472400901,0.3814769685268402,1,0.6185230314731598,0.039100511794039026,0.0,0.0,0.057733443630749004,0.04232163662380656,0.039285714285714285,-0.0032211248297675313,-0.00018520249167525843,,,,,280,700
h3_pilot_rgat_seed7,rgat,7,35,43ecccd1b28949ef,0,0.493583619594574,1.2873258173851845,0.4636411666870117,1,0.5363588333129883,0.023774470618843788,0.0,0.0,0.028795608079275045,0.02812490467827518,0.023809523809523808,-0.004350434059431394,-3.505319068002055e-05,,,,,280,700
h3_pilot_rgat_seed7,rgat,7,35,fddff2137127f8fb,0,0.30039945244789124,1.6749017426231951,0.6270624399185181,1,0.37293756008148193,0.039324945335111494,0.0125,0.0125,0.04309971982234662,0.043635538058781995,0.038392857142857145,-0.0043105927236705005,0.0009320881922543489,,,,,280,700
h3_pilot_rgat_seed7,rgat,7,35,edb1eb4a5268aa95,0,0.02265062741935253,1.7310397688072898,0.6109721064567566,1,0.3890278935432434,0.022811492992780128,0.08333333333333333,0.08333333333333333,0.026101862736743503,0.027042123759897133,0.023214285714285715,-0.0042306307671170044,-0.00040279272150558695,,,,,280,700
h3_pilot_rgat_seed7,rgat,7,35,238b9f777d66eb79,1,0.35679545998573303,1.9319414971167963,0.63654625415802,1,0.36345374584198,0.024586372635185958,0.0,0.0,0.02861388047615936,0.027206521558764345,0.022619047619047622,-0.0026201489235783866,0.001967325016138336,,,,,280,700
h3_pilot_rgat_seed7,rgat,7,35,6d2d4c3c5deea829,0,0.3722243905067444,1.5459721266971396,0.6051919460296631,1,0.3948080539703369,0.02334482348507168,0.0,0.0,0.0796351271666595,0.027797568730254567,0.023809523809523808,-0.004452745245182885,-0.0004647003244521268,,,,,280,700
h3_pilot_rgat_seed7,rgat,7,35,da28d68b75d8c28e,0,0.11154808849096298,1.8535262101351453,0.3965052664279938,1,0.6034947335720062,0.028571428563065673,0.16666666666666666,0.16666666666666666,0.037035623319740765,0.029206977198926072,0.02857142857142857,-0.0006355486358603987,-8.362897180314022e-12,,,,,280,700
h3_pilot_rgat_seed7,rgat,7,35,6dfc9aa7895ca984,0,0.07477223873138428,1.9763501173164457,0.4093104898929596,0,0.4093104898929596,0.023109392594296837,0.0,0.0,0.03003343046289876,0.02905873187196652,0.025,-0.005949339277669684,-0.0018906074057031645,,,,,280,700
h3_pilot_rgat_seed7,rgat,7,35,af49a5487217a88a,0,0.15308691561222076,0.6389621467295273,0.6021828055381775,1,0.3978171944618225,0.04851270403688834,0.018518518518518517,0.018518518518518517,0.05406209983067017,0.053967880109173444,0.05000000000000001,-0.005455176072285101,-0.0014872959631116664,,,,,280,700
h3_pilot_rgat_seed7,rgat,7,35,bfbc69d977ea9925,0,0.47534096240997314,1.6003986224188254,0.6391940712928772,1,0.3608059287071228,0.0447038918401258,0.027777777777777776,0.027777777777777776,0.04506508791641905,0.055669623422681544,0.045238095238095244,-0.010965731582555746,-0.000534203397969446,,,,,280,700
h3_pilot_rgat_seed7,rgat,7,35,33d68d594543e999,0,0.1681140661239624,1.6988113977136834,0.6367901563644409,1,0.3632098436355591,0.025250047061278015,0.0,0.0,0.04799390398473244,0.028422448891968988,0.025,-0.0031724018306909726,0.0002500470612780137,,,,,280,700
h3_pilot_rgat_seed7,rgat,7,40,1559aaca170f0da6,0,0.18730255961418152,2.0899807460243474,0.5016435980796814,1,0.4983564019203186,0.025681712767084884,0.0,0.0,0.029379889572072097,0.02790980958559414,0.025,-0.0022280968185092558,0.0006817127670848827,0.9200000166893005,1,0.3896729001533558,0.7326974868774414,320,800
h3_pilot_rgat_seed7,rgat,7,40,a7359cadc492ae4c,0,0.4392184317111969,1.720838676971274,0.5081018805503845,1,0.4918981194496155,0.025460229637040293,0.0,0.0,0.030193985578489742,0.027220365015392968,0.02571428571428571,-0.001760135378352675,-0.00025405607724541743,0.9399999976158142,1,0.43057500625049494,0.5007815361022949,320,800
h3_pilot_rgat_seed7,rgat,7,40,b4042b01dc34290f,0,0.3209572732448578,1.4848004542939366,0.5578856468200684,1,0.44211435317993164,0.026723288492429657,0.08333333333333333,0.08333333333333333,0.03100682084646357,0.026928321474066312,0.026785714285714288,-0.00020503298163665473,-6.242579328463033e-05,0.9200000166893005,1,0.9046191372054825,0.5990427732467651,320,800
h3_pilot_rgat_seed7,rgat,7,40,61aeded89741679b,1,0.7691276669502258,1.5914027886328175,0.6423953175544739,1,0.3576046824455261,0.026809569549800665,0.0,0.0,0.0729304900711395,0.027464267524489043,0.02589285714285714,-0.0006546979746883778,0.0009167124069435241,0.9800000190734863,1,0.6650025129763658,0.2108723521232605,320,800
h3_pilot_rgat_seed7,rgat,7,40,bec4675552dbe86b,1,0.3255535960197449,1.7822965924363203,0.6361180543899536,1,0.3638819456100464,0.03437420515035998,0.0,0.0,0.06532714211710021,0.03930090044018363,0.03452380952380952,-0.004926695289823653,-0.00014960437344953975,0.9200000166893005,1,0.3896729001533558,0.5944464206695557,320,800
h3_pilot_rgat_seed7,rgat,7,40,66c00e0e01b84dee,1,0.40217649936676025,1.9101771235876623,0.4796973168849945,1,0.5203026831150055,0.025472077977224748,0.0,0.0,0.0727448492090659,0.028215422503930086,0.025,-0.0027433445267053373,0.00047207797722474687,0.9800000190734863,1,0.0980390932898058,0.5778235197067261,320,800
h3_pilot_rgat_seed7,rgat,7,40,43d35c63294bcfc5,1,0.809342622756958,1.7220982815676193,0.6361891627311707,1,0.36381083726882935,0.04170026145201594,0.05,0.05,0.04641239041217116,0.04467513199128213,0.03928571428571429,-0.0029748705392661917,0.002414547166301649,0.9800000190734863,1,0.8307707296315789,0.17065739631652832,320,800
h3_pilot_rgat_seed7,rgat,7,40,d3a2c2817219093a,1,0.3758763074874878,2.010072162763906,0.49591562151908875,1,0.5040843784809113,0.02538520213368039,0.0,0.0,0.032729862846135924,0.028638869549635286,0.025,-0.0032536674159548973,0.00038520213368038736,0.9399999976158142,1,0.8957225401390672,0.5641236901283264,320,800
h3_pilot_rgat_seed7,rgat,7,40,0cae4879252a3d5a,0,0.16749341785907745,1.9763600771441565,0.6539319753646851,0,0.6539319753646851,0.05408393391785431,0.0,0.0,0.07184762407132105,0.05156177524509385,0.05357142857142857,0.002522158672760455,0.0005125053464257387,0.7599999904632568,1,1.0365539689235899,0.5925065875053406,320,800
h3_pilot_rgat_seed7,rgat,7,40,16f8548fb818aac6,1,0.3499580919742584,2.015443788935743,0.47167131304740906,1,0.5283286869525909,0.027429921479978386,0.0,0.0,0.03021350626356383,0.025681567829515296,0.026785714285714288,0.0017483536504630907,0.0006442071942640987,0.9599999785423279,1,0.1956700529347462,0.6100418567657471,320,800
h3_pilot_rgat_seed7,rgat,7,40,2fdd235121ff276a,1,1.0,1.2917076350969392,0.6620151400566101,-1,1.66201514005661,0.03437274484324741,0.0,0.0,0.042381927671031425,0.036263712117334965,0.03214285714285714,-0.0018909672740875516,0.0022298877003902734,1.0,1,1.881489585644506,0.0,320,800
h3_pilot_rgat_seed7,rgat,7,40,c1ac4ba0dfef5de3,1,0.842179000377655,1.6272976428377262,0.6660534739494324,1,0.3339465260505676,0.03848598832006004,0.02777777777777778,0.02777777777777778,0.045959430763982866,0.042304337010790366,0.0375,-0.0038183486907303263,0.0009859883200600411,0.9799999594688416,1,1.1038283574916328,0.13782095909118652,320,800
h3_pilot_rgat_seed7,rgat,7,40,5b1cf9996b2cef81,0,0.03786884993314743,1.4568911066354815,0.6510231494903564,1,0.34897685050964355,0.027536311224560888,0.0,0.0,0.035529762405097295,0.027141236975978436,0.026785714285714288,0.00039507424858245196,0.0007505969388466004,0.8799999952316284,1,0.5264843507228845,0.8421311378479004,320,800
h3_pilot_rgat_seed7,rgat,7,40,6b521b05a707c06a,1,0.5618331432342529,1.7324416737120416,0.49178314208984375,1,0.5082168579101562,0.039145398336713905,0.0,0.0,0.05765528738552966,0.04232163662380656,0.039285714285714285,-0.003176238287092653,-0.00014031594900038025,0.9800000190734863,1,0.0980390932898058,0.4181668758392334,320,800
h3_pilot_rgat_seed7,rgat,7,40,43ecccd1b28949ef,0,0.5213966965675354,1.3213501522300188,0.5628495216369629,1,0.4371504783630371,0.023766306598286633,0.0,0.0,0.029049905369462375,0.02812490467827518,0.023809523809523808,-0.004358598079988549,-4.321721123717523e-05,0.9199999570846558,1,0.8441124319725688,0.39860326051712036,320,800
h3_pilot_rgat_seed7,rgat,7,40,fddff2137127f8fb,0,0.2351372241973877,1.6492961874032417,0.648276150226593,1,0.351723849773407,0.0394775206662877,0.0125,0.0125,0.043124344035159655,0.043635538058781995,0.038392857142857145,-0.004158017392494294,0.0010846635234305554,0.85999995470047,1,0.49995312612988896,0.6248627305030823,320,800
h3_pilot_rgat_seed7,rgat,7,40,edb1eb4a5268aa95,0,0.022931301966309547,1.6434269887206672,0.6292217373847961,1,0.37077826261520386,0.022906308275960234,0.08333333333333333,0.08333333333333333,0.02602602219507097,0.027042123759897133,0.023214285714285715,-0.0041358154839368985,-0.000307977438325481,0.699999988079071,1,1.0277789434360516,0.6770687103271484,320,800
h3_pilot_rgat_seed7,rgat,7,40,238b9f777d66eb79,1,0.38002273440361023,1.9742767175420608,0.6553525924682617,1,0.3446474075317383,0.024763170766250193,0.0,0.0,0.028641927135572693,0.027206521558764345,0.022619047619047622,-0.002443350792514152,0.002144123147202571,0.9599999785423279,1,0.1956700529347462,0.57997727394104,320,800
h3_pilot_rgat_seed7,rgat,7,40,6d2d4c3c5deea829,0,0.34137335419654846,1.6189566610089277,0.6273452043533325,1,0.3726547956466675,0.023188558870282372,0.0,0.0,0.07960831785089767,0.027797568730254567,0.023809523809523808,-0.004609009859972195,-0.0006209649392414363,0.9399999976158142,1,0.8907317085932769,0.5986266136169434,320,800
h3_pilot_rgat_seed7,rgat,7,40,da28d68b75d8c28e,0,0.11624281853437424,1.8458108155159936,0.5042464733123779,1,0.49575352668762207,0.028571428665321093,0.16666666666666666,0.16666666666666666,0.036994627467058054,0.029206977198926072,0.02857142857142857,-0.0006355485336049793,9.389252222935518e-11,0.8999999761581421,1,0.4860267794558468,0.7837571501731873,320,800
h3_pilot_rgat_seed7,rgat,7,40,6dfc9aa7895ca984,0,0.06404218822717667,1.939136576363159,0.5105906128883362,0,0.5105906128883362,0.0230653756628216,0.0,0.0,0.030218397191294936,0.02905873187196652,0.025,-0.005993356209144922,-0.0019346243371784026,0.699999988079071,1,1.2082682190264595,0.6359577775001526,320,800
h3_pilot_rgat_seed7,rgat,7,40,af49a5487217a88a,0,0.1921207457780838,0.7047446131293016,0.6247304677963257,1,0.3752695322036743,0.04870054725751647,0.018518518518518517,0.018518518518518517,0.0547624284217161,0.053967880109173444,0.05000000000000001,-0.005267332851656974,-0.0012994527424835395,0.8199999928474426,1,0.4713934976558564,0.62787926197052,320,800
h3_pilot_rgat_seed7,rgat,7,40,bfbc69d977ea9925,0,0.4557502567768097,1.546851140895907,0.6602787971496582,1,0.3397212028503418,0.044983590478602765,0.027777777777777776,0.027777777777777776,0.04570985495939667,0.055669623422681544,0.045238095238095244,-0.010686032944078779,-0.00025450475949247847,0.699999988079071,1,0.7016827850941783,0.24424973130226135,320,800
h3_pilot_rgat_seed7,rgat,7,40,33d68d594543e999,0,0.14383834600448608,1.682516270738091,0.654961884021759,1,0.34503811597824097,0.025180341671473948,0.0,0.0,0.047944912055130205,0.028422448891968988,0.025,-0.00324210722049504,0.00018034167147394642,0.800000011920929,1,0.6890720906541571,0.6561616659164429,320,800
h3_pilot_rgat_seed7,rgat,7,45,1559aaca170f0da6,0,0.16465933620929718,2.06891356611963,0.3983882665634155,1,0.6016117334365845,0.02544441848122589,0.0,0.0,0.029500762814169364,0.02790980958559414,0.025,-0.002465391104368251,0.0004444184812258875,,,,,360,900
h3_pilot_rgat_seed7,rgat,7,45,a7359cadc492ae4c,0,0.40446245670318604,1.6985988153267588,0.40501120686531067,1,0.5949887931346893,0.02550652539273498,0.0,0.0,0.0300427857499174,0.027220365015392968,0.02571428571428571,-0.0017138396226579894,-0.00020776032155073176,,,,,360,900
h3_pilot_rgat_seed7,rgat,7,45,b4042b01dc34290f,0,0.32882922887802124,1.477341056312568,0.4543984830379486,1,0.5456015169620514,0.026654290047950023,0.08333333333333333,0.08333333333333333,0.03122994635617793,0.026928321474066312,0.026785714285714288,-0.00027403142611628906,-0.00013142423776426465,,,,,360,900
h3_pilot_rgat_seed7,rgat,7,45,61aeded89741679b,1,0.8023002743721008,1.5272559048004974,0.5141321420669556,1,0.48586785793304443,0.026579452308953547,0.0,0.0,0.07321022545236308,0.027464267524489043,0.02589285714285714,-0.0008848152155354963,0.0006865951660964056,,,,,360,900
h3_pilot_rgat_seed7,rgat,7,45,bec4675552dbe86b,1,0.3602445125579834,1.7704682317200497,0.5134590864181519,1,0.48654091358184814,0.034396043175495966,0.0,0.0,0.0653048704911542,0.03930090044018363,0.03452380952380952,-0.004904857264687666,-0.000127766348313553,,,,,360,900
h3_pilot_rgat_seed7,rgat,7,45,66c00e0e01b84dee,1,0.4189786911010742,1.869124268669362,0.3760736584663391,1,0.6239263415336609,0.025352540767828398,0.0,0.0,0.07245973758093055,0.028215422503930086,0.025,-0.0028628817361016877,0.0003525407678283965,,,,,360,900
h3_pilot_rgat_seed7,rgat,7,45,43d35c63294bcfc5,1,0.8242217302322388,1.7005960342799853,0.515092670917511,1,0.484907329082489,0.041253627076875375,0.05,0.05,0.04641057553541915,0.04467513199128213,0.03928571428571429,-0.0034215049144067575,0.0019679127911610833,,,,,360,900
h3_pilot_rgat_seed7,rgat,7,45,d3a2c2817219093a,1,0.37688496708869934,2.018446969273531,0.38468247652053833,1,0.6153175234794617,0.025238897917108795,0.0,0.0,0.03250099211079485,0.028638869549635286,0.025,-0.003399971632526491,0.0002388979171087935,,,,,360,900
h3_pilot_rgat_seed7,rgat,7,45,0cae4879252a3d5a,0,0.153585746884346,2.046172813426537,0.528116762638092,0,0.528116762638092,0.05396127827381209,0.0,0.0,0.07192229388862763,0.05156177524509385,0.05357142857142857,0.0023995030287182403,0.000389849702383524,,,,,360,900
h3_pilot_rgat_seed7,rgat,7,45,16f8548fb818aac6,1,0.33671844005584717,2.0434823694457664,0.36312544345855713,1,0.6368745565414429,0.027353951550010643,0.0,0.0,0.03084806351056338,0.025681567829515296,0.026785714285714288,0.001672383720495347,0.0005682372642963548,,,,,360,900
h3_pilot_rgat_seed7,rgat,7,45,2fdd235121ff276a,1,1.0000001192092896,1.3706046168183328,0.5411215424537659,-1,1.5411215424537659,0.033745049788309424,0.0,0.0,0.04201277406568493,0.036263712117334965,0.03214285714285714,-0.002518662329025541,0.0016021926454522842,,,,,360,900
h3_pilot_rgat_seed7,rgat,7,45,c1ac4ba0dfef5de3,1,0.8799980878829956,1.6879275411849703,0.5460923910140991,1,0.4539076089859009,0.03818426730336744,0.02777777777777778,0.02777777777777778,0.04562407669920841,0.042304337010790366,0.0375,-0.004120069707422923,0.0006842673033674446,,,,,360,900
h3_pilot_rgat_seed7,rgat,7,45,5b1cf9996b2cef81,0,0.035892631858587265,1.4980425244554796,0.522530198097229,1,0.477469801902771,0.027402230503528132,0.0,0.0,0.036004465632381535,0.027141236975978436,0.026785714285714288,0.00026099352754969593,0.0006165162178138443,,,,,360,900
h3_pilot_rgat_seed7,rgat,7,45,6b521b05a707c06a,1,0.6062642335891724,1.6185535099434083,0.3853347599506378,1,0.6146652400493622,0.03921006800873447,0.0,0.0,0.05767950920004176,0.04232163662380656,0.039285714285714285,-0.0031115686150720856,-7.564627697981274e-05,,,,,360,900
h3_pilot_rgat_seed7,rgat,7,45,43ecccd1b28949ef,0,0.526752769947052,1.3298849867084166,0.4631845951080322,1,0.5368154048919678,0.023779534712560935,0.0,0.0,0.028751286548484332,0.02812490467827518,0.023809523809523808,-0.004345369965714246,-2.9989096962872858e-05,,,,,360,900
h3_pilot_rgat_seed7,rgat,7,45,fddff2137127f8fb,0,0.17607685923576355,1.4276682099592515,0.5229355692863464,1,0.47706443071365356,0.039169059849283774,0.0125,0.0125,0.042811142926058136,0.043635538058781995,0.038392857142857145,-0.00446647820949822,0.0007762027064266291,,,,,360,900
h3_pilot_rgat_seed7,rgat,7,45,edb1eb4a5268aa95,0,0.0206924881786108,1.6484320384887972,0.49757012724876404,1,0.502429872751236,0.023263140526472742,0.08333333333333333,0.08333333333333333,0.025915023202132202,0.027042123759897133,0.023214285714285715,-0.0037789832334243906,4.885481218702692e-05,,,,,360,900
h3_pilot_rgat_seed7,rgat,7,45,238b9f777d66eb79,1,0.38982024788856506,1.944710939329231,0.5298669338226318,1,0.47013306617736816,0.02461111264086258,0.0,0.0,0.02883797078618174,0.027206521558764345,0.022619047619047622,-0.0025954089179017654,0.0019920650218149573,,,,,360,900
h3_pilot_rgat_seed7,rgat,7,45,6d2d4c3c5deea829,1,0.38644975423812866,1.6319537325146825,0.49856114387512207,1,0.5014388561248779,0.02344634007049731,0.0,0.0,0.07982163929646661,0.027797568730254567,0.023809523809523808,-0.004351228659757258,-0.0003631837390264993,,,,,360,900
h3_pilot_rgat_seed7,rgat,7,45,da28d68b75d8c28e,0,0.09993699193000793,1.8357168483527653,0.3975227475166321,1,0.6024772524833679,0.028571428360075368,0.16666666666666666,0.16666666666666666,0.03738497037506228,0.029206977198926072,0.02857142857142857,-0.0006355488388507038,-2.1135320230070143e-10,,,,,360,900
h3_pilot_rgat_seed7,rgat,7,45,6dfc9aa7895ca984,0,0.06392603367567062,1.9073754205352191,0.40407705307006836,0,0.40407705307006836,0.023713124594438396,0.0,0.0,0.02955171810669437,0.02905873187196652,0.025,-0.005345607277528124,-0.001286875405561605,,,,,360,900
h3_pilot_rgat_seed7,rgat,7,45,af49a5487217a88a,0,0.19200041890144348,0.7508861405213749,0.4955676198005676,1,0.5044323801994324,0.04918714251011195,0.018518518518518517,0.018518518518518517,0.05473524238447447,0.053967880109173444,0.05000000000000001,-0.004780737599061495,-0.0008128574898880608,,,,,360,900
h3_pilot_rgat_seed7,rgat,7,45,bfbc69d977ea9925,0,0.4332646429538727,1.5542623927106043,0.5361781716346741,1,0.4638218283653259,0.04527010760240557,0.027777777777777776,0.027777777777777776,0.04617485450298347,0.055669623422681544,0.045238095238095244,-0.010399515820275977,3.2012364310322894e-05,,,,,360,900
h3_pilot_rgat_seed7,rgat,7,45,33d68d594543e999,0,0.19618825614452362,1.7755422303054318,0.5255461931228638,1,0.47445380687713623,0.02510154305440637,0.0,0.0,0.04772329118152504,0.028422448891968988,0.025,-0.003320905837562619,0.00010154305440636738,,,,,360,900
h3_pilot_rgat_seed7,rgat,7,50,1559aaca170f0da6,0,0.16881629824638367,2.0918997770882903,0.4254343509674072,1,0.5745656490325928,0.02555473551029947,0.0,0.0,0.029448953425540568,0.02790980958559414,0.025,-0.0023550740752946685,0.00055473551029947,,,,,400,1000
h3_pilot_rgat_seed7,rgat,7,50,a7359cadc492ae4c,0,0.42245957255363464,1.7230815877296526,0.43376222252845764,1,0.5662377774715424,0.0254361799518647,0.0,0.0,0.02995248132220446,0.027220365015392968,0.02571428571428571,-0.0017841850635282666,-0.000278105762421009,,,,,400,1000
h3_pilot_rgat_seed7,rgat,7,50,b4042b01dc34290f,0,0.33001822233200073,1.484851833816942,0.4848293960094452,1,0.5151706039905548,0.026662678026367355,0.08333333333333333,0.08333333333333333,0.031161178157364487,0.026928321474066312,0.026785714285714288,-0.0002656434476989572,-0.0001230362593469328,,,,,400,1000
h3_pilot_rgat_seed7,rgat,7,50,61aeded89741679b,1,0.7401384115219116,1.7041441892627054,0.5115957260131836,1,0.4884042739868164,0.026585697133607315,0.0,0.0,0.07315844345807218,0.027464267524489043,0.02589285714285714,-0.0008785703908817284,0.0006928399907501735,,,,,400,1000
h3_pilot_rgat_seed7,rgat,7,50,bec4675552dbe86b,1,0.3638243079185486,1.7841720907338365,0.5166653990745544,1,0.48333460092544556,0.03438950036835231,0.0,0.0,0.06559360586581338,0.03930090044018363,0.03452380952380952,-0.004911400071831322,-0.00013430915545720873,,,,,400,1000
h3_pilot_rgat_seed7,rgat,7,50,66c00e0e01b84dee,1,0.38221266865730286,1.9206490253554882,0.4026772975921631,1,0.5973227024078369,0.02535013382474953,0.0,0.0,0.0722970190701143,0.028215422503930086,0.025,-0.002865288679180556,0.0003501338247495281,,,,,400,1000
h3_pilot_rgat_seed7,rgat,7,50,43d35c63294bcfc5,1,0.8387724161148071,1.6670130171607527,0.5138070583343506,1,0.4861929416656494,0.04124102412397663,0.05,0.05,0.04681304614442803,0.04467513199128213,0.03928571428571429,-0.003434107867305504,0.001955309838262337,,,,,400,1000
h3_pilot_rgat_seed7,rgat,7,50,d3a2c2817219093a,1,0.37770992517471313,2.024626864767466,0.4111543595790863,1,0.5888456404209137,0.025146165454352547,0.0,0.0,0.0328264227017142,0.028638869549635286,0.025,-0.0034927040952827393,0.00014616545435254535,,,,,400,1000
h3_pilot_rgat_seed7,rgat,7,50,0cae4879252a3d5a,0,0.12426914274692535,2.099099866753217,0.5259526371955872,0,0.5259526371955872,0.05400172884943331,0.0,0.0,0.07184693189346057,0.05156177524509385,0.05357142857142857,0.002439953604339455,0.0004303002780047388,,,,,400,1000
h3_pilot_rgat_seed7,rgat,7,50,16f8548fb818aac6,1,0.35152924060821533,2.059046087101004,0.3884999454021454,1,0.6115000545978546,0.02725339496726364,0.0,0.0,0.030548987331018143,0.025681567829515296,0.026785714285714288,0.0015718271377483453,0.00046768068154935324,,,,,400,1000
h3_pilot_rgat_seed7,rgat,7,50,2fdd235121ff276a,1,1.0,1.5802031836288466,0.5409064888954163,-1,1.5409064888954163,0.033803381741579486,0.0,0.0,0.04176141155555937,0.036263712117334965,0.03214285714285714,-0.002460330375755479,0.001660524598722346,,,,,400,1000
h3_pilot_rgat_seed7,rgat,7,50,c1ac4ba0dfef5de3,1,0.8815886974334717,1.7032551754571248,0.5524680614471436,1,0.44753193855285645,0.03820643589617934,0.02777777777777778,0.02777777777777778,0.04559358399353284,0.042304337010790366,0.0375,-0.004097901114611023,0.0007064358961793443,,,,,400,1000
h3_pilot_rgat_seed7,rgat,7,50,5b1cf9996b2cef81,0,0.05591035634279251,1.602798238891305,0.5180199146270752,1,0.4819800853729248,0.02746126181225435,0.0,0.0,0.035792731930559825,0.027141236975978436,0.026785714285714288,0.0003200248362759152,0.0006755475265400636,,,,,400,1000
h3_pilot_rgat_seed7,rgat,7,50,6b521b05a707c06a,1,0.6080748438835144,1.6246008616548158,0.4135443866252899,1,0.5864556133747101,0.03920724475572092,0.0,0.0,0.057780703939476506,0.04232163662380656,0.039285714285714285,-0.003114391868085639,-7.846952999336632e-05,,,,,400,1000
h3_pilot_rgat_seed7,rgat,7,50,43ecccd1b28949ef,0,0.503322958946228,1.3436897553175378,0.49610602855682373,1,0.5038939714431763,0.02370438850335912,0.0,0.0,0.028551326555287932,0.02812490467827518,0.023809523809523808,-0.00442051617491606,-0.00010513530616468661,,,,,400,1000
h3_pilot_rgat_seed7,rgat,7,50,fddff2137127f8fb,0,0.20684176683425903,1.6969478268368756,0.5253182053565979,1,0.4746817946434021,0.03932479269149235,0.0125,0.0125,0.04308899115844923,0.043635538058781995,0.038392857142857145,-0.004310745367289648,0.0009319355486352016,,,,,400,1000
h3_pilot_rgat_seed7,rgat,7,50,edb1eb4a5268aa95,0,0.027565468102693558,1.7163600706343871,0.4996695816516876,1,0.5003304183483124,0.023096124076998525,0.08333333333333333,0.08333333333333333,0.02623383580510474,0.027042123759897133,0.023214285714285715,-0.003945999682898608,-0.00011816163728719034,,,,,400,1000
h3_pilot_rgat_seed7,rgat,7,50,238b9f777d66eb79,0,0.36272743344306946,2.018361122579755,0.532166600227356,1,0.46783339977264404,0.024462543933930273,0.0,0.0,0.028547337437058822,0.027206521558764345,0.022619047619047622,-0.0027439776248340715,0.0018434963148826512,,,,,400,1000
h3_pilot_rgat_seed7,rgat,7,50,6d2d4c3c5deea829,0,0.37369585037231445,1.6577961710863502,0.4975197911262512,1,0.5024802088737488,0.02337498115142711,0.0,0.0,0.07970230273569912,0.027797568730254567,0.023809523809523808,-0.004422587578827457,-0.00043454265809669823,,,,,400,1000
h3_pilot_rgat_seed7,rgat,7,50,da28d68b75d8c28e,0,0.0943504348397255,1.8420043511657551,0.424954354763031,1,0.575045645236969,0.028571428835620076,0.16666666666666666,0.16666666666666666,0.03762025370678401,0.029206977198926072,0.02857142857142857,-0.0006355483633059961,2.64191505477962e-10,,,,,400,1000
h3_pilot_rgat_seed7,rgat,7,50,6dfc9aa7895ca984,0,0.06704266369342804,1.9244795802996617,0.43385300040245056,0,0.43385300040245056,0.023459551257955173,0.0,0.0,0.029063069725624127,0.02905873187196652,0.025,-0.0055991806140113475,-0.0015404487420448282,,,,,400,1000
h3_pilot_rgat_seed7,rgat,7,50,af49a5487217a88a,0,0.2322254180908203,0.8569720104973509,0.4955107867717743,1,0.5044892132282257,0.049101253807808685,0.018518518518518517,0.018518518518518517,0.05494519906494008,0.053967880109173444,0.05000000000000001,-0.004866626301364758,-0.0008987461921913242,,,,,400,1000
h3_pilot_rgat_seed7,rgat,7,50,bfbc69d977ea9925,0,0.4560997486114502,1.7191771443605213,0.5382366180419922,1,0.4617633819580078,0.04511526286273385,0.027777777777777776,0.027777777777777776,0.04571001265597343,0.055669623422681544,0.045238095238095244,-0.010554360559947691,-0.00012283237536139108,,,,,400,1000
h3_pilot_rgat_seed7,rgat,7,50,33d68d594543e999,0,0.20539738237857819,1.8249079931058831,0.5271490812301636,1,0.4728509187698364,0.025139236037975778,0.0,0.0,0.04777960839880831,0.028422448891968988,0.025,-0.00328321285399321,0.00013923603797577622,,,,,400,1000
h3_pilot_rgat_seed7,rgat,7,55,1559aaca170f0da6,0,0.17434032261371613,2.0786209918985863,0.40048161149024963,1,0.5995183885097504,0.025604602639665283,0.0,0.0,0.029318163874700952,0.02790980958559414,0.025,-0.0023052069459288567,0.0006046026396652818,,,,,440,1100
h3_pilot_rgat_seed7,rgat,7,55,a7359cadc492ae4c,0,0.39367929100990295,1.6652249572923026,0.4070950448513031,1,0.5929049551486969,0.025542881001786748,0.0,0.0,0.030457859591574887,0.027220365015392968,0.02571428571428571,-0.0016774840136062202,-0.0001714047124989626,,,,,440,1100
h3_pilot_rgat_seed7,rgat,7,55,b4042b01dc34290f,0,0.3680824339389801,1.409732444373089,0.46347373723983765,1,0.5365262627601624,0.026722294267176927,0.08333333333333333,0.08333333333333333,0.03087613382745187,0.026928321474066312,0.026785714285714288,-0.00020602720688938508,-6.342001853736068e-05,,,,,440,1100
h3_pilot_rgat_seed7,rgat,7,55,61aeded89741679b,1,0.7836252450942993,1.6502539356345176,0.5116882920265198,1,0.4883117079734802,0.026572243943608454,0.0,0.0,0.07323507985952882,0.027464267524489043,0.02589285714285714,-0.0008920235808805889,0.000679386800751313,,,,,440,1100
h3_pilot_rgat_seed7,rgat,7,55,bec4675552dbe86b,1,0.30964431166648865,1.8186465908106588,0.5208655595779419,1,0.4791344404220581,0.034284770848039825,0.0,0.0,0.06507584409636075,0.03930090044018363,0.03452380952380952,-0.005016129592143807,-0.00023903867576969412,,,,,440,1100
h3_pilot_rgat_seed7,rgat,7,55,66c00e0e01b84dee,1,0.4289046823978424,1.8225398342000056,0.37729915976524353,1,0.6227008402347565,0.025525587281401564,0.0,0.0,0.07273869644525285,0.028215422503930086,0.025,-0.0026898352225285214,0.0005255872814015627,,,,,440,1100
h3_pilot_rgat_seed7,rgat,7,55,43d35c63294bcfc5,1,0.8483253121376038,1.630703564774656,0.516889750957489,1,0.483110249042511,0.04109587650819011,0.05,0.05,0.04661757091548043,0.04467513199128213,0.03928571428571429,-0.003579255483092021,0.0018101622224758196,,,,,440,1100
h3_pilot_rgat_seed7,rgat,7,55,d3a2c2817219093a,1,0.39904549717903137,1.985917230082342,0.37920206785202026,1,0.6207979321479797,0.025477370298089802,0.0,0.0,0.03325458253897762,0.028638869549635286,0.025,-0.003161499251545484,0.00047737029808980064,,,,,440,1100
h3_pilot_rgat_seed7,rgat,7,55,0cae4879252a3d5a,0,0.150772362947464,2.0543596234317105,0.5292938351631165,0,0.5292938351631165,0.05398988500609257,0.0,0.0,0.07182383822632056,0.05156177524509385,0.05357142857142857,0.00242810976099872,0.0004184564346640038,,,,,440,1100
h3_pilot_rgat_seed7,rgat,7,55,16f8548fb818aac6,1,0.36206185817718506,2.0365493583023064,0.3535728454589844,1,0.6464271545410156,0.027226369341578883,0.0,0.0,0.030074217789155845,0.025681567829515296,0.026785714285714288,0.0015448015120635879,0.0004406550558645958,,,,,440,1100
h3_pilot_rgat_seed7,rgat,7,55,2fdd235121ff276a,1,1.0000001192092896,1.5627401528608158,0.5497312545776367,-1,1.5497312545776367,0.03390795617425136,0.0,0.0,0.042343039395965704,0.036263712117334965,0.03214285714285714,-0.0023557559430836053,0.0017650990313942197,,,,,440,1100
h3_pilot_rgat_seed7,rgat,7,55,c1ac4ba0dfef5de3,1,0.891558051109314,1.7420124412404323,0.5633830428123474,1,0.4366169571876526,0.03828058396193611,0.02777777777777778,0.02777777777777778,0.04581512396549665,0.042304337010790366,0.0375,-0.004023753048854259,0.0007805839619361085,,,,,440,1100
h3_pilot_rgat_seed7,rgat,7,55,5b1cf9996b2cef81,0,0.047568559646606445,1.5646994627722468,0.5212468504905701,1,0.47875314950942993,0.02744377230254544,0.0,0.0,0.035801890070759,0.027141236975978436,0.026785714285714288,0.0003025353265670022,0.0006580580168311506,,,,,440,1100
h3_pilot_rgat_seed7,rgat,7,55,6b521b05a707c06a,1,0.6016454100608826,1.6517751754275007,0.3806188702583313,1,0.6193811297416687,0.03919536358673189,0.0,0.0,0.05771729444146234,0.04232163662380656,0.039285714285714285,-0.0031262730370746686,-9.035069898239573e-05,,,,,440,1100
h3_pilot_rgat_seed7,rgat,7,55,43ecccd1b28949ef,1,0.6191742420196533,1.361779501651032,0.4774329662322998,1,0.5225670337677002,0.023709516601816055,0.0,0.0,0.028844125067278886,0.02812490467827518,0.023809523809523808,-0.0044153880764591265,-0.00010000720770775295,,,,,440,1100
h3_pilot_rgat_seed7,rgat,7,55,fddff2137127f8fb,0,0.2038649022579193,1.600453016849397,0.5291067361831665,1,0.4708932638168335,0.0393803112482708,0.0125,0.0125,0.04326789383415174,0.043635538058781995,0.038392857142857145,-0.004255226810511194,0.0009874541054136557,,,,,440,1100
h3_pilot_rgat_seed7,rgat,7,55,edb1eb4a5268aa95,0,0.024575507268309593,1.6712272785170494,0.49746888875961304,1,0.502531111240387,0.023375728059617594,0.08333333333333333,0.08333333333333333,0.026429372203429113,0.027042123759897133,0.023214285714285715,-0.0036663957002795386,0.0001614423453318789,,,,,440,1100
h3_pilot_rgat_seed7,rgat,7,55,238b9f777d66eb79,0,0.36175966262817383,2.0298511277135978,0.5334485173225403,1,0.4665514826774597,0.024307486563407307,0.0,0.0,0.028502017066274466,0.027206521558764345,0.022619047619047622,-0.002899034995357038,0.0016884389443596846,,,,,440,1100
h3_pilot_rgat_seed7,rgat,7,55,6d2d4c3c5deea829,1,0.3858695328235626,1.6452591609089122,0.49641674757003784,1,0.5035832524299622,0.023504895675570653,0.0,0.0,0.0797764883029416,0.027797568730254567,0.023809523809523808,-0.004292673054683914,-0.00030462813395315536,,,,,440,1100
h3_pilot_rgat_seed7,rgat,7,55,da28d68b75d8c28e,0,0.07840384542942047,1.8512419441880463,0.39268380403518677,1,0.6073161959648132,0.02857142869231044,0.16666666666666666,0.16666666666666666,0.03786030915481171,0.029206977198926072,0.02857142857142857,-0.0006355485066156311,1.2088187048564514e-10,,,,,440,1100
h3_pilot_rgat_seed7,rgat,7,55,6dfc9aa7895ca984,0,0.065590500831604,1.926131063798201,0.4092245101928711,0,0.4092245101928711,0.023305706327079588,0.0,0.0,0.028824410906181524,0.02905873187196652,0.025,-0.005753025544886933,-0.0016942936729204133,,,,,440,1100
h3_pilot_rgat_seed7,rgat,7,55,af49a5487217a88a,0,0.23129716515541077,0.8382771118509604,0.4927535653114319,1,0.5072464346885681,0.04953913575426414,0.018518518518518517,0.018518518518518517,0.05547609506045881,0.053967880109173444,0.05000000000000001,-0.004428744354909302,-0.0004608642457358675,,,,,440,1100
h3_pilot_rgat_seed7,rgat,7,55,bfbc69d977ea9925,0,0.42496973276138306,1.7574624988895284,0.544057309627533,1,0.45594269037246704,0.04571534204593308,0.027777777777777776,0.027777777777777776,0.04661162139958202,0.055669623422681544,0.045238095238095244,-0.009954281376748461,0.0004772468078378389,,,,,440,1100
h3_pilot_rgat_seed7,rgat,7,55,33d68d594543e999,0,0.20073211193084717,1.8243607019367352,0.5278538465499878,1,0.4721461534500122,0.025185741330373906,0.0,0.0,0.04839238360509206,0.028422448891968988,0.025,-0.0032367075615950813,0.000185741330373905,,,,,440,1100
h3_pilot_rgat_seed7,rgat,7,60,1559aaca170f0da6,0,0.18681953847408295,2.092829881283004,0.19907811284065247,1,0.8009218871593475,0.025616161098453778,0.0,0.0,0.029248240758995375,0.02790980958559414,0.025,-0.0022936484871403616,0.0006161610984537769,0.9200000166893005,1,0.3896729001533558,0.7331804633140564,480,1200
h3_pilot_rgat_seed7,rgat,7,60,a7359cadc492ae4c,0,0.42220109701156616,1.7342441922787717,0.20771487057209015,1,0.7922851294279099,0.025457612826739685,0.0,0.0,0.03013475946126653,0.027220365015392968,0.02571428571428571,-0.0017627521886532833,-0.0002566728875460257,0.9200000166893005,1,0.9395379051415096,0.4977989196777344,480,1200
h3_pilot_rgat_seed7,rgat,7,60,b4042b01dc34290f,0,0.3729477524757385,1.469176517119727,0.24179403483867645,1,0.7582059651613235,0.02671458107249767,0.08333333333333333,0.08333333333333333,0.031046216093596857,0.026928321474066312,0.026785714285714288,-0.00021374040156864338,-7.113321321661897e-05,0.9199999570846558,1,0.9579689298338402,0.5470522046089172,480,1200
h3_pilot_rgat_seed7,rgat,7,60,61aeded89741679b,1,0.7636460065841675,1.664400307186978,0.24369582533836365,1,0.7563041746616364,0.026484432565704173,0.0,0.0,0.07310341608017042,0.027464267524489043,0.02589285714285714,-0.0009798349587848698,0.0005915754228470321,0.9800000190734863,1,0.619920569025297,0.21635401248931885,480,1200
h3_pilot_rgat_seed7,rgat,7,60,bec4675552dbe86b,1,0.4119562804698944,1.7645070406768446,0.2565717101097107,1,0.7434282898902893,0.03443135682869266,0.0,0.0,0.06564658728686897,0.03930090044018363,0.03452380952380952,-0.004869543611490973,-9.245269511685972e-05,0.9399999976158142,1,0.2928842581520271,0.5280437469482422,480,1200
h3_pilot_rgat_seed7,rgat,7,60,66c00e0e01b84dee,1,0.38326942920684814,1.915735328142304,0.1812778264284134,1,0.8187221735715866,0.025534442113001377,0.0,0.0,0.07276034910650996,0.028215422503930086,0.025,-0.002680980390928709,0.0005344421130013752,0.9599999785423279,1,0.1956700529347462,0.5767305493354797,480,1200
h3_pilot_rgat_seed7,rgat,7,60,43d35c63294bcfc5,1,0.8084210157394409,1.7278795262574527,0.24697646498680115,1,0.7530235350131989,0.04080368238457043,0.05,0.05,0.046220254472703275,0.04467513199128213,0.03928571428571429,-0.0038714496067117007,0.00151796809885614,1.0,1,0.7170996061157335,0.19157898426055908,480,1200
h3_pilot_rgat_seed7,rgat,7,60,d3a2c2817219093a,1,0.3733881711959839,2.002401202442176,0.18728412687778473,1,0.8127158731222153,0.02539003585438268,0.0,0.0,0.03363215562098877,0.028638869549635286,0.025,-0.003248833695252605,0.00039003585438267957,0.940000057220459,1,0.8653919436593519,0.5666118860244751,480,1200
h3_pilot_rgat_seed7,rgat,7,60,0cae4879252a3d5a,0,0.13255006074905396,2.1093287026900716,0.2619391977787018,0,0.2619391977787018,0.05383507943905684,0.0,0.0,0.07169775027345644,0.05156177524509385,0.05357142857142857,0.0022733041939629883,0.000263650867628272,0.47999998927116394,1,1.7383967813662369,0.34744992852211,480,1200
h3_pilot_rgat_seed7,rgat,7,60,16f8548fb818aac6,1,0.34591948986053467,2.065921361044682,0.1698969304561615,1,0.8301030695438385,0.027159793047887848,0.0,0.0,0.030025129307380466,0.025681567829515296,0.026785714285714288,0.0014782252183725524,0.0003740787621735603,0.9600000381469727,1,0.5164471018781478,0.614080548286438,480,1200
h3_pilot_rgat_seed7,rgat,7,60,2fdd235121ff276a,1,1.0,1.3763596606384059,0.2819121778011322,-1,1.2819121778011322,0.03379481506214223,0.0,0.0,0.042219426598051696,0.036263712117334965,0.03214285714285714,-0.002468897055192737,0.001651957919285088,0.9999999403953552,1,2.019938288267944,-5.960464477539063e-08,480,1200
h3_pilot_rgat_seed7,rgat,7,60,c1ac4ba0dfef5de3,1,0.86671382188797,1.7337030555499056,0.3036891520023346,1,0.6963108479976654,0.03820051612822852,0.02777777777777778,0.02777777777777778,0.045865783980269435,0.042304337010790366,0.0375,-0.004103820882561844,0.0007005161282285233,0.9800000190734863,1,1.1199367654774024,0.11328619718551636,480,1200
h3_pilot_rgat_seed7,rgat,7,60,5b1cf9996b2cef81,0,0.07076332718133926,1.6593210170229271,0.2503241002559662,1,0.7496758997440338,0.027368890667291503,0.0,0.0,0.03558988178797614,0.027141236975978436,0.026785714285714288,0.0002276536913130671,0.0005831763815772155,0.8799999952316284,1,0.5264843507228845,0.8092366456985474,480,1200
h3_pilot_rgat_seed7,rgat,7,60,6b521b05a707c06a,1,0.5555124282836914,1.777140576559476,0.18939076364040375,1,0.8106092363595963,0.03919874889988901,0.0,0.0,0.05776239548700434,0.04232163662380656,0.039285714285714285,-0.0031228877239175487,-8.696538582527585e-05,0.9799999594688416,1,0.1956700529347462,0.42448753118515015,480,1200
h3_pilot_rgat_seed7,rgat,7,60,43ecccd1b28949ef,1,0.5577033162117004,1.3855750498457589,0.24834667146205902,1,0.751653328537941,0.023551939527395812,0.0,0.0,0.028122053316509688,0.02812490467827518,0.023809523809523808,-0.00457296515087937,-0.00025758428212799625,0.940000057220459,1,0.8420952883186983,0.38229674100875854,480,1200
h3_pilot_rgat_seed7,rgat,7,60,fddff2137127f8fb,0,0.22700820863246918,1.8562333597657203,0.26096421480178833,1,0.7390357851982117,0.039241636501519336,0.0125,0.0125,0.04312673666076086,0.043635538058781995,0.038392857142857145,-0.004393901557262658,0.0008487793586621911,0.85999995470047,1,0.5573694058078614,0.6329917311668396,480,1200
h3_pilot_rgat_seed7,rgat,7,60,edb1eb4a5268aa95,0,0.03489066660404205,1.773568972496874,0.22776484489440918,1,0.7722351551055908,0.023373190229774528,0.08333333333333333,0.08333333333333333,0.026426768040715275,0.027042123759897133,0.023214285714285715,-0.0036689335301226048,0.00015890451548881274,0.46000000834465027,1,1.5522348234040582,0.425109326839447,480,1200
h3_pilot_rgat_seed7,rgat,7,60,238b9f777d66eb79,0,0.34267497062683105,2.0737735353175126,0.26471665501594543,1,0.7352833449840546,0.024117636059148684,0.0,0.0,0.0283126541981821,0.027206521558764345,0.022619047619047622,-0.003088885499615661,0.0014985884401010618,0.940000057220459,1,0.9339781757241863,0.5973250865936279,480,1200
h3_pilot_rgat_seed7,rgat,7,60,6d2d4c3c5deea829,1,0.383318692445755,1.6712524889406197,0.2268136441707611,1,0.7731863558292389,0.02352929632719444,0.0,0.0,0.07976239443976693,0.027797568730254567,0.023809523809523808,-0.004268272403060127,-0.00028022748232936837,0.9200000166893005,1,0.7181824017542201,0.5366812944412231,480,1200
h3_pilot_rgat_seed7,rgat,7,60,da28d68b75d8c28e,0,0.08354958146810532,1.8580457844939677,0.19687378406524658,1,0.8031262159347534,0.02857142836235616,0.16666666666666666,0.16666666666666666,0.03843413644353066,0.029206977198926072,0.02857142857142857,-0.0006355488365699137,-2.0907241216061578e-10,0.8799999952316284,1,0.5542102373255605,0.7964504361152649,480,1200
h3_pilot_rgat_seed7,rgat,7,60,6dfc9aa7895ca984,0,0.06582926213741302,1.9602107008939058,0.2012556493282318,0,0.2012556493282318,0.023309232536523387,0.0,0.0,0.028602235550340457,0.02905873187196652,0.025,-0.005749499335443133,-0.001690767463476614,0.6600000262260437,1,1.3338650726945187,0.5941707491874695,480,1200
h3_pilot_rgat_seed7,rgat,7,60,af49a5487217a88a,0,0.22159670293331146,0.8579860845982491,0.21603749692440033,1,0.7839625030755997,0.049483400115732136,0.018518518518518517,0.018518518518518517,0.05530850778689996,0.053967880109173444,0.05000000000000001,-0.004484479993441308,-0.0005165998842678737,0.8399999737739563,1,0.43966989807724327,0.6184032559394836,480,1200
h3_pilot_rgat_seed7,rgat,7,60,bfbc69d977ea9925,0,0.38437724113464355,1.6686467550105575,0.28251489996910095,1,0.717485100030899,0.045622347650888705,0.027777777777777776,0.027777777777777776,0.046477716252901285,0.055669623422681544,0.045238095238095244,-0.01004727577179284,0.00038425241279346073,0.5600000023841858,0,1.4407980143170642,0.17562276124954224,480,1200
h3_pilot_rgat_seed7,rgat,7,60,33d68d594543e999,0,0.20780222117900848,1.8884490886246983,0.25947609543800354,1,0.7405239045619965,0.02515403689726032,0.0,0.0,0.04825656546474008,0.028422448891968988,0.025,-0.0032684119947086684,0.00015403689726031788,0.9200000166893005,1,0.3619470135506798,0.7121977806091309,480,1200
