policy_loss,value_loss,total_loss,policy_entropy,iteration,selfplay_games_seen,optimizer_updates,replay_size,positions_seen,update_in_iteration,selfplay_seconds,training_seconds,iteration_seconds
3.583963394165039,1.0294040441513062,4.613367557525635,3.5828042030334473,1,20,8,283,283,1,190.52752318500006,3.6823011709998354,194.2099830809998
3.580547332763672,1.0022919178009033,4.582839012145996,3.5828847885131836,1,20,8,283,283,2,190.52752318500006,3.6823011709998354,194.210158373
3.579258441925049,0.9659204483032227,4.5451788902282715,3.582836627960205,1,20,8,283,283,3,190.52752318500006,3.6823011709998354,194.21016877300008
3.5763046741485596,0.9154951572418213,4.491799831390381,3.5828487873077393,1,20,8,283,283,4,190.52752318500006,3.6823011709998354,194.2101754370001
3.5745959281921387,0.9407851696014404,4.515380859375,3.5827736854553223,1,20,8,283,283,5,190.52752318500006,3.6823011709998354,194.2101798929998
3.573511838912964,1.0026551485061646,4.576167106628418,3.5827996730804443,1,20,8,283,283,6,190.52752318500006,3.6823011709998354,194.21018429900005
3.572662830352783,0.9102806448936462,4.482943534851074,3.5827207565307617,1,20,8,283,283,7,190.52752318500006,3.6823011709998354,194.21018868500005
3.570361614227295,0.9097139239311218,4.480075359344482,3.5826528072357178,1,20,8,283,283,8,190.52752318500006,3.6823011709998354,194.21019423999996
3.5611307621002197,0.8875206708908081,4.448651313781738,3.5825445652008057,2,40,16,511,511,1,132.10305181600006,1.2666309279998131,133.36973643400006
3.5583667755126953,0.8855264782905579,4.4438934326171875,3.5824105739593506,2,40,16,511,511,2,132.10305181600006,1.2666309279998131,133.36974416500016
3.5531787872314453,0.8357570767402649,4.3889360427856445,3.5822038650512695,2,40,16,511,511,3,132.10305181600006,1.2666309279998131,133.36974882000004
3.555558681488037,0.741287112236023,4.29684591293335,3.582075595855713,2,40,16,511,511,4,132.10305181600006,1.2666309279998131,133.36975302500014
3.55025577545166,0.7321398258209229,4.282395362854004,3.58176326751709,2,40,16,511,511,5,132.10305181600006,1.2666309279998131,133.3697560820001
3.5488173961639404,0.7697876691818237,4.318604946136475,3.581468343734741,2,40,16,511,511,6,132.10305181600006,1.2666309279998131,133.36975869900016
3.544893741607666,0.6810786724090576,4.2259721755981445,3.58103609085083,2,40,16,511,511,7,132.10305181600006,1.2666309279998131,133.36976130600033
3.5376176834106445,0.6878414154052734,4.225459098815918,3.5808162689208984,2,40,16,511,511,8,132.10305181600006,1.2666309279998131,133.36976390300015
3.5217931270599365,0.5819547176361084,4.103747844696045,3.580371379852295,3,60,24,676,676,1,100.20343987700016,1.2038138909997542,101.40728285600017
3.5293378829956055,0.7416073083877563,4.270945072174072,3.57983136177063,3,60,24,676,676,2,100.20343987700016,1.2038138909997542,101.40728901900002
3.5168633460998535,0.48240572214126587,3.9992690086364746,3.579461097717285,3,60,24,676,676,3,100.20343987700016,1.2038138909997542,101.40729200499982
3.5110416412353516,0.552859902381897,4.063901424407959,3.5790085792541504,3,60,24,676,676,4,100.20343987700016,1.2038138909997542,101.4072939130001
3.5135326385498047,0.6791136860847473,4.192646503448486,3.5779716968536377,3,60,24,676,676,5,100.20343987700016,1.2038138909997542,101.40729602100009
3.502206802368164,0.6492084264755249,4.1514153480529785,3.577425003051758,3,60,24,676,676,6,100.20343987700016,1.2038138909997542,101.40729762899991
3.514038324356079,0.8185611367225647,4.332599639892578,3.576385021209717,3,60,24,676,676,7,100.20343987700016,1.2038138909997542,101.40729932700015
3.508657217025757,0.5259666442871094,4.034624099731445,3.575000762939453,3,60,24,676,676,8,100.20343987700016,1.2038138909997542,101.40730085599989
3.4680182933807373,0.74702388048172,4.2150421142578125,3.5731101036071777,4,80,32,880,880,1,96.71303413299984,1.2679112139999233,97.98098273699998
3.445805788040161,0.615371584892273,4.0611772537231445,3.5715699195861816,4,80,32,880,880,2,96.71303413299984,1.2679112139999233,97.98099071800016
3.454555034637451,0.5651136636734009,4.0196685791015625,3.570155620574951,4,80,32,880,880,3,96.71303413299984,1.2679112139999233,97.98099534300036
3.4595484733581543,0.8266935348510742,4.2862420082092285,3.5673391819000244,4,80,32,880,880,4,96.71303413299984,1.2679112139999233,97.98099815000023
3.414401054382324,0.745577335357666,4.15997838973999,3.562262535095215,4,80,32,880,880,5,96.71303413299984,1.2679112139999233,97.98100061700006
3.434694766998291,0.8614764213562012,4.296171188354492,3.5606260299682617,4,80,32,880,880,6,96.71303413299984,1.2679112139999233,97.98100336400012
3.3924524784088135,0.9647464752197266,4.357198715209961,3.5517287254333496,4,80,32,880,880,7,96.71303413299984,1.2679112139999233,97.98100583099995
3.388843536376953,0.8722001910209656,4.261043548583984,3.5442440509796143,4,80,32,880,880,8,96.71303413299984,1.2679112139999233,97.98100871800034
3.3731913566589355,0.6180535554885864,3.9912447929382324,3.543379545211792,5,100,40,1109,1109,1,130.92345702900002,1.902738443999624,132.82624576300032
3.401212453842163,0.5843821167945862,3.9855945110321045,3.5331642627716064,5,100,40,1109,1109,2,130.92345702900002,1.902738443999624,132.82625614000017
3.3509154319763184,0.3869454860687256,3.737860918045044,3.5231053829193115,5,100,40,1109,1109,3,130.92345702900002,1.902738443999624,132.82626117400014
3.3753559589385986,0.6331261992454529,4.008481979370117,3.5154855251312256,5,100,40,1109,1109,4,130.92345702900002,1.902738443999624,132.8262643500002
3.344351291656494,0.6767193675041199,4.02107048034668,3.4971303939819336,5,100,40,1109,1109,5,130.92345702900002,1.902738443999624,132.82626718600022
3.3010990619659424,0.7831898331642151,4.084289073944092,3.491562604904175,5,100,40,1109,1109,6,130.92345702900002,1.902738443999624,132.8262701030003
3.326871871948242,0.5485740303993225,3.87544584274292,3.4768717288970947,5,100,40,1109,1109,7,130.92345702900002,1.902738443999624,132.82627333900018
3.3497891426086426,0.7595102190971375,4.109299182891846,3.457202196121216,5,100,40,1109,1109,8,130.92345702900002,1.902738443999624,132.82627621500023
3.1674928665161133,0.5511234998703003,3.718616485595703,3.4347994327545166,6,120,48,1363,1363,1,147.58259117399984,1.1941715220000333,148.7768921349998
3.3028717041015625,0.5377611517906189,3.840632915496826,3.4429194927215576,6,120,48,1363,1363,2,147.58259117399984,1.1941715220000333,148.77689925599998
3.164226531982422,0.7100991010665894,3.874325752258301,3.394458293914795,6,120,48,1363,1363,3,147.58259117399984,1.1941715220000333,148.776903167
3.1181273460388184,0.5716034770011902,3.6897308826446533,3.379453659057617,6,120,48,1363,1363,4,147.58259117399984,1.1941715220000333,148.77690708699993
3.1746726036071777,0.8753668069839478,4.050039291381836,3.3445777893066406,6,120,48,1363,1363,5,147.58259117399984,1.1941715220000333,148.77691029800008
3.269519090652466,0.7178137898445129,3.987332820892334,3.317150354385376,6,120,48,1363,1363,6,147.58259117399984,1.1941715220000333,148.77691368800015
3.14864182472229,0.5985982418060303,3.7472400665283203,3.2980892658233643,6,120,48,1363,1363,7,147.58259117399984,1.1941715220000333,148.77691664899976
3.1805050373077393,0.5964728593826294,3.776978015899658,3.235022783279419,6,120,48,1363,1363,8,147.58259117399984,1.1941715220000333,148.77691952899977
2.9990298748016357,0.6872026920318604,3.686232566833496,3.1959214210510254,7,140,56,1580,1580,1,152.97860819499965,1.126200331000291,154.10484409899982
3.129359722137451,0.6412308812141418,3.7705905437469482,3.2194714546203613,7,140,56,1580,1580,2,152.97860819499965,1.126200331000291,154.10485165299997
3.29109525680542,0.6439124941825867,3.9350078105926514,3.2584896087646484,7,140,56,1580,1580,3,152.97860819499965,1.126200331000291,154.10485440799948
3.099152088165283,0.5560330748558044,3.6551852226257324,3.2520689964294434,7,140,56,1580,1580,4,152.97860819499965,1.126200331000291,154.10485690299993
2.9971859455108643,0.7267467975616455,3.7239327430725098,3.1659607887268066,7,140,56,1580,1580,5,152.97860819499965,1.126200331000291,154.10485879599946
3.118861675262451,0.8714016675949097,3.9902634620666504,3.17358136177063,7,140,56,1580,1580,6,152.97860819499965,1.126200331000291,154.10486073999982
3.105069398880005,0.734103262424469,3.839172601699829,3.164123296737671,7,140,56,1580,1580,7,152.97860819499965,1.126200331000291,154.10486251299972
3.1825008392333984,0.7619364857673645,3.944437265396118,3.218426465988159,7,140,56,1580,1580,8,152.97860819499965,1.126200331000291,154.10486399599995
3.050808906555176,0.5690494775772095,3.6198582649230957,3.202361583709717,8,160,64,1776,1776,1,107.88240892500016,1.2086069710003358,109.09115424999982
2.9259793758392334,0.6825085878372192,3.608488082885742,3.142296075820923,8,160,64,1776,1776,2,107.88240892500016,1.2086069710003358,109.0911622069998
3.247793674468994,0.8265319466590881,4.0743255615234375,3.20150089263916,8,160,64,1776,1776,3,107.88240892500016,1.2086069710003358,109.0911665550002
3.0491526126861572,0.7092196941375732,3.7583723068237305,3.2215819358825684,8,160,64,1776,1776,4,107.88240892500016,1.2086069710003358,109.09116993299995
3.016231060028076,0.6850342750549316,3.701265335083008,3.1438848972320557,8,160,64,1776,1776,5,107.88240892500016,1.2086069710003358,109.09117303200037
2.948307991027832,0.4095913767814636,3.3578994274139404,3.1812362670898438,8,160,64,1776,1776,6,107.88240892500016,1.2086069710003358,109.09117591100039
3.0631237030029297,0.6083236336708069,3.671447277069092,3.200073003768921,8,160,64,1776,1776,7,107.88240892500016,1.2086069710003358,109.09117892900031
3.03987193107605,0.7253885269165039,3.7652604579925537,3.163393020629883,8,160,64,1776,1776,8,107.88240892500016,1.2086069710003358,109.09118174800005
2.77204966545105,0.7097266912460327,3.481776237487793,3.0976061820983887,9,180,72,1959,1959,1,95.37132748099975,1.1381785879993913,96.50953552300052
2.822876214981079,0.652148962020874,3.475025177001953,3.088991165161133,9,180,72,1959,1959,2,95.37132748099975,1.1381785879993913,96.50954097900012
3.0187785625457764,0.6635028719902039,3.682281494140625,3.192185401916504,9,180,72,1959,1959,3,95.37132748099975,1.1381785879993913,96.50954371800071
2.9251556396484375,0.7663418054580688,3.691497325897217,3.0784220695495605,9,180,72,1959,1959,4,95.37132748099975,1.1381785879993913,96.50954570700014
2.8351190090179443,0.7505195140838623,3.5856385231018066,2.986311435699463,9,180,72,1959,1959,5,95.37132748099975,1.1381785879993913,96.50954725600059
2.8611040115356445,0.6477123498916626,3.5088162422180176,2.9590656757354736,9,180,72,1959,1959,6,95.37132748099975,1.1381785879993913,96.50954875500065
2.879039764404297,0.5046647191047668,3.383704423904419,3.0257763862609863,9,180,72,1959,1959,7,95.37132748099975,1.1381785879993913,96.50955056400016
2.957111120223999,0.747063934803009,3.7041749954223633,3.0111711025238037,9,180,72,1959,1959,8,95.37132748099975,1.1381785879993913,96.50955210300071
2.891846179962158,0.813357949256897,3.7052040100097656,2.9742612838745117,10,200,80,2149,2149,1,110.8331615549996,0.984375340999577,111.81773548400088
2.891411542892456,0.710246205329895,3.6016578674316406,3.03597092628479,10,200,80,2149,2149,2,110.8331615549996,0.984375340999577,111.81774224500077
2.9794158935546875,0.7235208749771118,3.7029366493225098,3.00238037109375,10,200,80,2149,2149,3,110.8331615549996,0.984375340999577,111.81774521200077
2.8030548095703125,0.6017001867294312,3.404755115509033,3.0228774547576904,10,200,80,2149,2149,4,110.8331615549996,0.984375340999577,111.81774833000054
2.8024518489837646,0.7594550251960754,3.5619068145751953,2.9939794540405273,10,200,80,2149,2149,5,110.8331615549996,0.984375340999577,111.81775008600016
2.6842129230499268,0.5134264230728149,3.1976394653320312,2.921229362487793,10,200,80,2149,2149,6,110.8331615549996,0.984375340999577,111.8177518020002
2.725959300994873,0.5744385719299316,3.3003978729248047,2.8452394008636475,10,200,80,2149,2149,7,110.8331615549996,0.984375340999577,111.81775347700022
2.898803234100342,0.6409952640533447,3.5397984981536865,2.8979880809783936,10,200,80,2149,2149,8,110.8331615549996,0.984375340999577,111.81775500100048
2.8646607398986816,0.5280455350875854,3.3927063941955566,2.8505678176879883,11,220,88,2316,2316,1,53.762940157999765,0.8316910699995788,54.594659204999516
3.0135157108306885,0.414331316947937,3.427846908569336,2.985968589782715,11,220,88,2316,2316,2,53.762940157999765,0.8316910699995788,54.59466505
2.9017105102539062,0.6492270827293396,3.5509376525878906,2.880276679992676,11,220,88,2316,2316,3,53.762940157999765,0.8316910699995788,54.594668108000405
2.7993321418762207,0.49862346053123474,3.2979555130004883,2.8949975967407227,11,220,88,2316,2316,4,53.762940157999765,0.8316910699995788,54.59467068599952
2.7597312927246094,0.7307364344596863,3.4904677867889404,2.902522087097168,11,220,88,2316,2316,5,53.762940157999765,0.8316910699995788,54.59467295400009
2.8416354656219482,0.6846662163734436,3.526301622390747,2.918787956237793,11,220,88,2316,2316,6,53.762940157999765,0.8316910699995788,54.594674863000364
2.6537182331085205,0.5328644514083862,3.186582565307617,2.9455952644348145,11,220,88,2316,2316,7,53.762940157999765,0.8316910699995788,54.59467677199973
2.7242133617401123,0.6154483556747437,3.3396615982055664,2.9086785316467285,11,220,88,2316,2316,8,53.762940157999765,0.8316910699995788,54.59467874999973
2.65584135055542,0.780317485332489,3.4361588954925537,2.86386775970459,12,240,96,2483,2483,1,47.81207671300035,1.0562485009995726,48.868352348999906
2.7300913333892822,0.6076202392578125,3.3377115726470947,2.8530826568603516,12,240,96,2483,2483,2,47.81207671300035,1.0562485009995726,48.868358216999695
2.910885810852051,0.48624467849731445,3.3971304893493652,3.0055601596832275,12,240,96,2483,2483,3,47.81207671300035,1.0562485009995726,48.86836089600001
2.661655902862549,0.656495988368988,3.3181519508361816,2.851898670196533,12,240,96,2483,2483,4,47.81207671300035,1.0562485009995726,48.86836279199997
2.72798228263855,0.7128240466117859,3.4408063888549805,2.7962210178375244,12,240,96,2483,2483,5,47.81207671300035,1.0562485009995726,48.86836446699999
2.709859609603882,0.8158460259437561,3.525705575942993,2.7054882049560547,12,240,96,2483,2483,6,47.81207671300035,1.0562485009995726,48.8683662630001
2.729273796081543,0.7401102185249329,3.469383955001831,2.8512470722198486,12,240,96,2483,2483,7,47.81207671300035,1.0562485009995726,48.868367877999844
2.724623680114746,0.4471439719200134,3.1717677116394043,2.8951995372772217,12,240,96,2483,2483,8,47.81207671300035,1.0562485009995726,48.86836951300029
2.4373836517333984,0.5819301605224609,3.0193138122558594,2.7867274284362793,13,260,104,2645,2645,1,41.3603525919998,0.9259370079998916,42.2863210229998
2.6080455780029297,0.5863426923751831,3.1943883895874023,2.8651366233825684,13,260,104,2645,2645,2,41.3603525919998,0.9259370079998916,42.28633029199955
2.7960925102233887,0.6635316014289856,3.4596240520477295,2.6339926719665527,13,260,104,2645,2645,3,41.3603525919998,0.9259370079998916,42.28633438199995
2.5663816928863525,0.4607788920402527,3.02716064453125,2.768223762512207,13,260,104,2645,2645,4,41.3603525919998,0.9259370079998916,42.286337881999316
2.666858196258545,0.5562694072723389,3.223127603530884,2.6397018432617188,13,260,104,2645,2645,5,41.3603525919998,0.9259370079998916,42.28634029099976
2.5904061794281006,0.7088145017623901,3.299220561981201,2.683241605758667,13,260,104,2645,2645,6,41.3603525919998,0.9259370079998916,42.286342710999634
2.3300933837890625,0.6557236313819885,2.9858169555664062,2.5914320945739746,13,260,104,2645,2645,7,41.3603525919998,0.9259370079998916,42.28634506099934
2.6588938236236572,0.5261118412017822,3.1850056648254395,2.8239567279815674,13,260,104,2645,2645,8,41.3603525919998,0.9259370079998916,42.28634716099987
2.7472424507141113,0.6177809238433838,3.365023374557495,2.640932083129883,14,280,112,2807,2807,1,41.82291175000046,0.8826921939999011,42.705636904999665
2.9600377082824707,0.6235223412513733,3.583559989929199,2.9326326847076416,14,280,112,2807,2807,2,41.82291175000046,0.8826921939999011,42.70564308899975
2.656482696533203,0.6191771030426025,3.2756597995758057,2.7093873023986816,14,280,112,2807,2807,3,41.82291175000046,0.8826921939999011,42.70564542700049
2.5843071937561035,0.6394466161727905,3.2237539291381836,2.734828472137451,14,280,112,2807,2807,4,41.82291175000046,0.8826921939999011,42.70564708599977
2.5822982788085938,0.7274728417396545,3.3097710609436035,2.545103073120117,14,280,112,2807,2807,5,41.82291175000046,0.8826921939999011,42.70564860400009
2.6500585079193115,0.6101803779602051,3.2602388858795166,2.7763264179229736,14,280,112,2807,2807,6,41.82291175000046,0.8826921939999011,42.70565024300049
2.5618174076080322,0.5716069936752319,3.1334242820739746,2.602560043334961,14,280,112,2807,2807,7,41.82291175000046,0.8826921939999011,42.70565196100051
2.5771312713623047,0.7085726857185364,3.2857038974761963,2.5884969234466553,14,280,112,2807,2807,8,41.82291175000046,0.8826921939999011,42.70565374000034
2.59236478805542,0.4474513530731201,3.03981614112854,2.6550843715667725,15,300,120,2966,2966,1,44.167444998000065,0.9716740129997561,45.13914691500031
2.335089683532715,0.5341827869415283,2.869272470474243,2.535736322402954,15,300,120,2966,2966,2,44.167444998000065,0.9716740129997561,45.13915267199991
2.4265377521514893,0.632412314414978,3.0589499473571777,2.679457426071167,15,300,120,2966,2966,3,44.167444998000065,0.9716740129997561,45.13915593100046
2.35337495803833,0.7610169053077698,3.114391803741455,2.4717202186584473,15,300,120,2966,2966,4,44.167444998000065,0.9716740129997561,45.13915812800042
2.39359712600708,0.5464949607849121,2.940092086791992,2.4609696865081787,15,300,120,2966,2966,5,44.167444998000065,0.9716740129997561,45.139159731999825
2.6980738639831543,0.4732275605201721,3.1713013648986816,2.6477041244506836,15,300,120,2966,2966,6,44.167444998000065,0.9716740129997561,45.139161477000016
2.526320695877075,0.6476728916168213,3.1739935874938965,2.4560208320617676,15,300,120,2966,2966,7,44.167444998000065,0.9716740129997561,45.1391633330004
2.4671521186828613,0.6541415452957153,3.121293544769287,2.4294445514678955,15,300,120,2966,2966,8,44.167444998000065,0.9716740129997561,45.13916515799974
2.345614194869995,0.5648294687271118,2.9104437828063965,2.5157415866851807,16,320,128,3124,3124,1,69.01716662700073,0.9637446540000383,69.98094818999925
2.6345314979553223,0.4694463312625885,3.103977918624878,2.6573259830474854,16,320,128,3124,3124,2,69.01716662700073,0.9637446540000383,69.98095682999974
2.462702989578247,0.7392221093177795,3.201925039291382,2.478632688522339,16,320,128,3124,3124,3,69.01716662700073,0.9637446540000383,69.98096140599955
2.595214366912842,0.5699310898780823,3.1651453971862793,2.6214330196380615,16,320,128,3124,3124,4,69.01716662700073,0.9637446540000383,69.98096483999961
2.697593927383423,0.5249572992324829,3.2225513458251953,2.630873680114746,16,320,128,3124,3124,5,69.01716662700073,0.9637446540000383,69.98096735299987
2.4253315925598145,0.5733113288879395,2.998642921447754,2.6027021408081055,16,320,128,3124,3124,6,69.01716662700073,0.9637446540000383,69.98096998599976
2.4053075313568115,0.5886147618293762,2.993922233581543,2.514634847640991,16,320,128,3124,3124,7,69.01716662700073,0.9637446540000383,69.98097235899968
2.6100058555603027,0.5700347423553467,3.1800405979156494,2.5154120922088623,16,320,128,3124,3124,8,69.01716662700073,0.9637446540000383,69.9809747119998
2.547430992126465,0.48866063356399536,3.0360915660858154,2.5748558044433594,17,340,136,3294,3294,1,97.31401932999961,1.3923916359999566,98.70644924800035
2.3723196983337402,0.5937942266464233,2.966114044189453,2.4704959392547607,17,340,136,3294,3294,2,97.31401932999961,1.3923916359999566,98.7064573130001
2.315315008163452,0.5408755540847778,2.8561906814575195,2.2805063724517822,17,340,136,3294,3294,3,97.31401932999961,1.3923916359999566,98.70646077499987
2.4405128955841064,0.5021822452545166,2.942695140838623,2.476796865463257,17,340,136,3294,3294,4,97.31401932999961,1.3923916359999566,98.706463816
2.2379696369171143,0.5913240909576416,2.829293727874756,2.2903990745544434,17,340,136,3294,3294,5,97.31401932999961,1.3923916359999566,98.70646633800061
2.3862574100494385,0.6991903781890869,3.0854477882385254,2.4024548530578613,17,340,136,3294,3294,6,97.31401932999961,1.3923916359999566,98.70646898999985
2.374889850616455,0.5750733017921448,2.949963092803955,2.4044482707977295,17,340,136,3294,3294,7,97.31401932999961,1.3923916359999566,98.70647160099998
2.3959741592407227,0.41921180486679077,2.815186023712158,2.2872204780578613,17,340,136,3294,3294,8,97.31401932999961,1.3923916359999566,98.70647420299974
2.5227720737457275,0.4217400848865509,2.944512128829956,2.2811381816864014,18,360,144,3454,3454,1,67.84539817299992,1.1067735699998593,68.95221124599993
2.47568416595459,0.6258018612861633,3.1014859676361084,2.531984567642212,18,360,144,3454,3454,2,67.84539817299992,1.1067735699998593,68.95221870600017
2.4460155963897705,0.6509245038032532,3.096940040588379,2.4905903339385986,18,360,144,3454,3454,3,67.84539817299992,1.1067735699998593,68.95222229699993
2.659438371658325,0.5923404097557068,3.2517788410186768,2.676180601119995,18,360,144,3454,3454,4,67.84539817299992,1.1067735699998593,68.95222550700055
2.6404049396514893,0.5197154879570007,3.1601204872131348,2.806385040283203,18,360,144,3454,3454,5,67.84539817299992,1.1067735699998593,68.95222850699975
2.687411069869995,0.6801601648330688,3.3675713539123535,2.742077589035034,18,360,144,3454,3454,6,67.84539817299992,1.1067735699998593,68.95223152700055
2.5719265937805176,0.39386358857154846,2.965790271759033,2.7280197143554688,18,360,144,3454,3454,7,67.84539817299992,1.1067735699998593,68.95223405700017
2.457005739212036,0.356493204832077,2.8134989738464355,2.6745052337646484,18,360,144,3454,3454,8,67.84539817299992,1.1067735699998593,68.95223663700017
2.276597499847412,0.5809143781661987,2.8575119972229004,2.604511022567749,19,380,152,3628,3628,1,64.33925580100004,1.0784878730000855,65.4177786170003
2.3195371627807617,0.5433266162872314,2.862863779067993,2.374016761779785,19,380,152,3628,3628,2,64.33925580100004,1.0784878730000855,65.41778622100082
2.4133031368255615,0.5209935903549194,2.9342966079711914,2.514554738998413,19,380,152,3628,3628,3,64.33925580100004,1.0784878730000855,65.41779071700057
2.2348148822784424,0.6496056914329529,2.88442063331604,2.266247510910034,19,380,152,3628,3628,4,64.33925580100004,1.0784878730000855,65.41779954000049
2.534196376800537,0.6913992762565613,3.225595712661743,2.420355796813965,19,380,152,3628,3628,5,64.33925580100004,1.0784878730000855,65.41780415600078
2.360548496246338,0.45507729053497314,2.8156256675720215,2.304576873779297,19,380,152,3628,3628,6,64.33925580100004,1.0784878730000855,65.41780787300013
2.542494773864746,0.5399681329727173,3.082462787628174,2.5008065700531006,19,380,152,3628,3628,7,64.33925580100004,1.0784878730000855,65.4178112110003
2.472350597381592,0.49739328026771545,2.9697439670562744,2.416795015335083,19,380,152,3628,3628,8,64.33925580100004,1.0784878730000855,65.41781395900034
2.2135941982269287,0.5453037023544312,2.7588977813720703,2.365382671356201,20,400,160,3825,3825,1,81.0749607380003,1.4487956370003303,82.5238990480002
2.464846611022949,0.7147725820541382,3.179619312286377,2.3254683017730713,20,400,160,3825,3825,2,81.0749607380003,1.4487956370003303,82.52390699099942
2.426846504211426,0.40039771795272827,2.827244281768799,2.358238697052002,20,400,160,3825,3825,3,81.0749607380003,1.4487956370003303,82.52391094199993
2.2075700759887695,0.5563393831253052,2.763909339904785,2.2047312259674072,20,400,160,3825,3825,4,81.0749607380003,1.4487956370003303,82.52391361299942
2.3785524368286133,0.8627085089683533,3.2412610054016113,2.557992696762085,20,400,160,3825,3825,5,81.0749607380003,1.4487956370003303,82.52391616299974
2.513270139694214,0.8440997004508972,3.357369899749756,2.4525582790374756,20,400,160,3825,3825,6,81.0749607380003,1.4487956370003303,82.52391882399934
2.2794947624206543,0.444990336894989,2.724485158920288,2.403883457183838,20,400,160,3825,3825,7,81.0749607380003,1.4487956370003303,82.52392162500018
2.2256195545196533,0.5684245824813843,2.794044017791748,2.42938494682312,20,400,160,3825,3825,8,81.0749607380003,1.4487956370003303,82.52392408600008
2.276066541671753,0.44576042890548706,2.7218270301818848,2.341242551803589,21,420,168,3992,3992,1,63.94395507900026,1.0111865999997462,64.95517562499936
2.335857391357422,0.47486865520477295,2.8107261657714844,2.384800672531128,21,420,168,3992,3992,2,63.94395507900026,1.0111865999997462,64.95518195499972
2.221813678741455,0.412467896938324,2.634281635284424,2.355036497116089,21,420,168,3992,3992,3,63.94395507900026,1.0111865999997462,64.95518481899944
2.283067464828491,0.6009612679481506,2.884028673171997,2.4065332412719727,21,420,168,3992,3992,4,63.94395507900026,1.0111865999997462,64.95518718999938
2.4106733798980713,0.44841939210891724,2.8590927124023438,2.446148157119751,21,420,168,3992,3992,5,63.94395507900026,1.0111865999997462,64.95518916899982
2.535266637802124,0.5327526330947876,3.068019390106201,2.388561964035034,21,420,168,3992,3992,6,63.94395507900026,1.0111865999997462,64.95519113899991
2.5231118202209473,0.5976842045783997,3.120795965194702,2.530618190765381,21,420,168,3992,3992,7,63.94395507900026,1.0111865999997462,64.9551929169993
2.279242753982544,0.46463820338249207,2.7438809871673584,2.251110076904297,21,420,168,3992,3992,8,63.94395507900026,1.0111865999997462,64.9551947559994
2.396183490753174,0.7138833403587341,3.1100668907165527,2.461634635925293,22,440,176,4164,4164,1,100.66740877499979,1.1940234929998041,101.86147167699983
2.3201560974121094,0.5688982009887695,2.889054298400879,2.4559292793273926,22,440,176,4164,4164,2,100.66740877499979,1.1940234929998041,101.86148284499995
2.4647016525268555,0.4749206006526947,2.939622163772583,2.3847529888153076,22,440,176,4164,4164,3,100.66740877499979,1.1940234929998041,101.86148830900038
2.122565269470215,0.3311624526977539,2.4537277221679688,2.211221933364868,22,440,176,4164,4164,4,100.66740877499979,1.1940234929998041,101.86149188699983
2.2443976402282715,0.6015357375144958,2.845933437347412,2.3891496658325195,22,440,176,4164,4164,5,100.66740877499979,1.1940234929998041,101.86149526600002
2.650282859802246,0.46684953570365906,3.1171324253082275,2.4804742336273193,22,440,176,4164,4164,6,100.66740877499979,1.1940234929998041,101.8614996870001
2.2434749603271484,0.3876643478870392,2.6311392784118652,2.253002166748047,22,440,176,4164,4164,7,100.66740877499979,1.1940234929998041,101.86150365699996
2.4860830307006836,0.46387535333633423,2.949958324432373,2.5394577980041504,22,440,176,4164,4164,8,100.66740877499979,1.1940234929998041,101.86150710600032
2.552443027496338,0.5518333911895752,3.104276418685913,2.4192278385162354,23,460,184,4345,4345,1,81.76826560099926,2.2025225889992726,83.97083466899949
2.445106267929077,0.49947476387023926,2.9445810317993164,2.4247212409973145,23,460,184,4345,4345,2,81.76826560099926,2.2025225889992726,83.97084392899978
2.2751946449279785,0.4594847559928894,2.7346794605255127,2.308594226837158,23,460,184,4345,4345,3,81.76826560099926,2.2025225889992726,83.97084843399989
2.2823398113250732,0.5343321561813354,2.816671848297119,2.3458664417266846,23,460,184,4345,4345,4,81.76826560099926,2.2025225889992726,83.97085147100006
2.128507137298584,0.4305877387523651,2.5590949058532715,2.2891433238983154,23,460,184,4345,4345,5,81.76826560099926,2.2025225889992726,83.97085375899951
2.445746898651123,0.3884621560573578,2.8342089653015137,2.4115374088287354,23,460,184,4345,4345,6,81.76826560099926,2.2025225889992726,83.9708568850001
2.551750898361206,0.7832997441291809,3.335050582885742,2.511385917663574,23,460,184,4345,4345,7,81.76826560099926,2.2025225889992726,83.9708597230001
2.4650375843048096,0.46016019582748413,2.9251978397369385,2.6084742546081543,23,460,184,4345,4345,8,81.76826560099926,2.2025225889992726,83.97086208000019
2.2836732864379883,0.3520161509513855,2.6356894969940186,2.2036495208740234,24,480,192,4505,4505,1,92.84429077999994,1.262316706999627,94.10671030199956
2.3021717071533203,0.2142636924982071,2.516435384750366,2.4473280906677246,24,480,192,4505,4505,2,92.84429077999994,1.262316706999627,94.10671596999964
2.290766954421997,0.41498202085494995,2.705749034881592,2.329888105392456,24,480,192,4505,4505,3,92.84429077999994,1.262316706999627,94.1067186780001
2.2514231204986572,0.7743058204650879,3.025728940963745,2.2826788425445557,24,480,192,4505,4505,4,92.84429077999994,1.262316706999627,94.10672079699998
2.4524803161621094,0.5533086061477661,3.005788803100586,2.3937857151031494,24,480,192,4505,4505,5,92.84429077999994,1.262316706999627,94.10672259700004
2.2819066047668457,0.6402717232704163,2.922178268432617,2.316896915435791,24,480,192,4505,4505,6,92.84429077999994,1.262316706999627,94.10672457599958
2.5210578441619873,0.5111496448516846,3.032207489013672,2.3150627613067627,24,480,192,4505,4505,7,92.84429077999994,1.262316706999627,94.10672640499979
2.4170475006103516,0.446328341960907,2.8633759021759033,2.272706985473633,24,480,192,4505,4505,8,92.84429077999994,1.262316706999627,94.10672816399983
2.1939878463745117,0.3393856883049011,2.5333735942840576,2.2574660778045654,25,500,200,4649,4649,1,69.53935836999972,1.3474721029997454,70.8869061559999
2.2204506397247314,0.6138561964035034,2.8343067169189453,2.2660634517669678,25,500,200,4649,4649,2,69.53935836999972,1.3474721029997454,70.88691205699979
2.0200793743133545,0.4320957362651825,2.4521751403808594,2.273972272872925,25,500,200,4649,4649,3,69.53935836999972,1.3474721029997454,70.88691478200053
2.3721652030944824,0.547412633895874,2.9195778369903564,2.3826487064361572,25,500,200,4649,4649,4,69.53935836999972,1.3474721029997454,70.88691702699998
2.3673408031463623,0.4253467321395874,2.79268741607666,2.401869535446167,25,500,200,4649,4649,5,69.53935836999972,1.3474721029997454,70.88691923100032
2.2248857021331787,0.538841962814331,2.7637276649475098,2.320497751235962,25,500,200,4649,4649,6,69.53935836999972,1.3474721029997454,70.88692101400011
2.257297992706299,0.2890503704547882,2.5463483333587646,2.261497735977173,25,500,200,4649,4649,7,69.53935836999972,1.3474721029997454,70.88692284799981
2.406236171722412,0.5565416812896729,2.962777853012085,2.43499755859375,25,500,200,4649,4649,8,69.53935836999972,1.3474721029997454,70.88692450100007
2.225717544555664,0.42579182982444763,2.6515092849731445,2.3312435150146484,26,520,208,4805,4805,1,118.04888186700009,2.675621530999706,120.72455378300037
2.293665647506714,0.6384337544441223,2.9320993423461914,2.2794203758239746,26,520,208,4805,4805,2,118.04888186700009,2.675621530999706,120.72456054299982
2.2350246906280518,0.5303573608398438,2.7653820514678955,2.2542333602905273,26,520,208,4805,4805,3,118.04888186700009,2.675621530999706,120.72456412300016
2.1005194187164307,0.32938405871391296,2.429903507232666,2.1577658653259277,26,520,208,4805,4805,4,118.04888186700009,2.675621530999706,120.7245666609997
2.464357614517212,0.7355002760887146,3.1998579502105713,2.212019681930542,26,520,208,4805,4805,5,118.04888186700009,2.675621530999706,120.72456875700027
2.25523042678833,0.4547029137611389,2.709933280944824,2.414794445037842,26,520,208,4805,4805,6,118.04888186700009,2.675621530999706,120.724570632
2.091359853744507,0.29879894852638245,2.3901588916778564,2.204618453979492,26,520,208,4805,4805,7,118.04888186700009,2.675621530999706,120.72457247799957
2.1624226570129395,0.3459364175796509,2.508358955383301,2.1745645999908447,26,520,208,4805,4805,8,118.04888186700009,2.675621530999706,120.72457464400031
2.1894145011901855,0.6407257318496704,2.8301401138305664,2.3358869552612305,27,540,216,4973,4973,1,95.99467938900034,3.4356065750007474,99.43032753999978
2.3775110244750977,0.5976998209953308,2.9752109050750732,2.3617944717407227,27,540,216,4973,4973,2,95.99467938900034,3.4356065750007474,99.43033684599959
2.5533392429351807,0.47040489315986633,3.0237441062927246,2.498741388320923,27,540,216,4973,4973,3,95.99467938900034,3.4356065750007474,99.43034144499961
1.975419282913208,0.5865645408630371,2.561983823776245,2.1272737979888916,27,540,216,4973,4973,4,95.99467938900034,3.4356065750007474,99.43034556199927
2.2799813747406006,0.21538163721561432,2.4953629970550537,2.178891897201538,27,540,216,4973,4973,5,95.99467938900034,3.4356065750007474,99.43034886799978
2.352604866027832,0.5741775035858154,2.9267823696136475,2.3147215843200684,27,540,216,4973,4973,6,95.99467938900034,3.4356065750007474,99.4303521439997
2.214172124862671,0.43158307671546936,2.6457552909851074,2.3181519508361816,27,540,216,4973,4973,7,95.99467938900034,3.4356065750007474,99.43042299099943
2.2945518493652344,0.27718332409858704,2.571735143661499,2.279230833053589,27,540,216,4973,4973,8,95.99467938900034,3.4356065750007474,99.43042825999964
2.526778221130371,0.44403257966041565,2.970810890197754,2.4237215518951416,28,560,224,5166,5166,1,79.90203589199973,1.189471186999981,81.09154313599993
2.3104801177978516,0.42678922414779663,2.737269401550293,2.3416500091552734,28,560,224,5166,5166,2,79.90203589199973,1.189471186999981,81.0915505490002
1.9782136678695679,0.35180962085723877,2.3300232887268066,1.958918809890747,28,560,224,5166,5166,3,79.90203589199973,1.189471186999981,81.09155420600018
2.1273248195648193,0.5187609791755676,2.646085739135742,2.138427734375,28,560,224,5166,5166,4,79.90203589199973,1.189471186999981,81.09155755200027
2.0595340728759766,0.6449273824691772,2.7044615745544434,1.9804023504257202,28,560,224,5166,5166,5,79.90203589199973,1.189471186999981,81.09156039699974
2.3197829723358154,0.4192029535770416,2.738986015319824,2.3928799629211426,28,560,224,5166,5166,6,79.90203589199973,1.189471186999981,81.09156283199991
2.3534915447235107,0.3765869140625,2.7300784587860107,2.3613088130950928,28,560,224,5166,5166,7,79.90203589199973,1.189471186999981,81.09156550700027
2.301750659942627,0.710633397102356,3.0123839378356934,2.309359073638916,28,560,224,5166,5166,8,79.90203589199973,1.189471186999981,81.0915684620004
2.3040027618408203,0.5219850540161133,2.8259878158569336,2.2924916744232178,29,580,232,5309,5309,1,54.778429152999706,1.2732562809997034,56.05172619000041
2.164721965789795,0.5497645139694214,2.714486598968506,2.270676612854004,29,580,232,5309,5309,2,54.778429152999706,1.2732562809997034,56.051735187000304
2.2030587196350098,0.3607827425003052,2.5638413429260254,2.288712501525879,29,580,232,5309,5309,3,54.778429152999706,1.2732562809997034,56.05173949500022
2.2926833629608154,0.6038773655891418,2.8965606689453125,2.3072102069854736,29,580,232,5309,5309,4,54.778429152999706,1.2732562809997034,56.05174233100024
2.3425464630126953,0.5853095054626465,2.927855968475342,2.292203187942505,29,580,232,5309,5309,5,54.778429152999706,1.2732562809997034,56.05174504600018
1.896594762802124,0.4986013174057007,2.395195960998535,2.0912952423095703,29,580,232,5309,5309,6,54.778429152999706,1.2732562809997034,56.05174765100037
2.061041831970215,0.41275107860565186,2.4737930297851562,2.0465786457061768,29,580,232,5309,5309,7,54.778429152999706,1.2732562809997034,56.05175052600043
2.039011240005493,0.5366148948669434,2.5756261348724365,1.9794790744781494,29,580,232,5309,5309,8,54.778429152999706,1.2732562809997034,56.05175288999999
2.296703815460205,0.3862937092781067,2.682997465133667,2.256059169769287,30,600,240,5491,5491,1,91.1853284939998,1.0784416209999108,92.26379787199949
2.6026713848114014,0.6389936208724976,3.2416648864746094,2.4134485721588135,30,600,240,5491,5491,2,91.1853284939998,1.0784416209999108,92.26380380399951
2.379704713821411,0.4187522530555725,2.798456907272339,2.5394392013549805,30,600,240,5491,5491,3,91.1853284939998,1.0784416209999108,92.26380643999983
2.351163864135742,0.4529266953468323,2.8040904998779297,2.343993663787842,30,600,240,5491,5491,4,91.1853284939998,1.0784416209999108,92.26380832399991
2.3532514572143555,0.5774048566818237,2.9306564331054688,2.4295690059661865,30,600,240,5491,5491,5,91.1853284939998,1.0784416209999108,92.26381028800006
2.393345594406128,0.559012234210968,2.952357769012451,2.264016628265381,30,600,240,5491,5491,6,91.1853284939998,1.0784416209999108,92.26381200199921
2.503753423690796,0.479850709438324,2.9836041927337646,2.453014850616455,30,600,240,5491,5491,7,91.1853284939998,1.0784416209999108,92.26381364499957
2.40494441986084,0.6054602861404419,3.010404586791992,2.3677353858947754,30,600,240,5491,5491,8,91.1853284939998,1.0784416209999108,92.26381539899921
2.165879011154175,0.47886770963668823,2.644746780395508,2.2263972759246826,31,620,248,5645,5645,1,53.858266172000185,1.1440443820001747,55.00234152400026
2.444722890853882,0.43076443672180176,2.8754873275756836,2.296154260635376,31,620,248,5645,5645,2,53.858266172000185,1.1440443820001747,55.002349108999624
2.2569589614868164,0.4969690144062042,2.7539279460906982,2.297410011291504,31,620,248,5645,5645,3,53.858266172000185,1.1440443820001747,55.00281382100002
2.248502254486084,0.35658586025238037,2.605088233947754,2.3414385318756104,31,620,248,5645,5645,4,53.858266172000185,1.1440443820001747,55.00282532199981
2.416571855545044,0.5580559372901917,2.974627733230591,2.4261913299560547,31,620,248,5645,5645,5,53.858266172000185,1.1440443820001747,55.00282926
2.2416672706604004,0.3107494115829468,2.5524168014526367,2.3787105083465576,31,620,248,5645,5645,6,53.858266172000185,1.1440443820001747,55.00283215499985
2.2401368618011475,0.4307495355606079,2.670886516571045,2.3239505290985107,31,620,248,5645,5645,7,53.858266172000185,1.1440443820001747,55.002834830999745
2.3314995765686035,0.46634501218795776,2.797844648361206,2.3871731758117676,31,620,248,5645,5645,8,53.858266172000185,1.1440443820001747,55.00283789599962
2.0860488414764404,0.3122062683105469,2.3982551097869873,2.243837594985962,32,640,256,5800,5800,1,51.811520428999756,1.156066961999386,52.96761625599993
1.9531431198120117,0.2577117383480072,2.2108547687530518,2.1939523220062256,32,640,256,5800,5800,2,51.811520428999756,1.156066961999386,52.967622938000204
2.349687337875366,0.5639785528182983,2.913665771484375,2.377537727355957,32,640,256,5800,5800,3,51.811520428999756,1.156066961999386,52.96762592400046
2.1421589851379395,0.4616548418998718,2.603813886642456,2.1595511436462402,32,640,256,5800,5800,4,51.811520428999756,1.156066961999386,52.967628569000226
2.2761473655700684,0.4637056291103363,2.7398529052734375,2.2135472297668457,32,640,256,5800,5800,5,51.811520428999756,1.156066961999386,52.96763132399974
2.035910129547119,0.47272926568984985,2.508639335632324,2.0576953887939453,32,640,256,5800,5800,6,51.811520428999756,1.156066961999386,52.96763336799995
2.426252603530884,0.4131356179714203,2.839388132095337,2.1830501556396484,32,640,256,5800,5800,7,51.811520428999756,1.156066961999386,52.9676355520005
2.148986339569092,0.36564961075782776,2.5146360397338867,2.0880985260009766,32,640,256,5800,5800,8,51.811520428999756,1.156066961999386,52.967637275000016
2.0071699619293213,0.3707563877105713,2.3779263496398926,1.9751427173614502,33,660,264,5959,5959,1,75.74198461600008,1.138351285000681,76.88037012600034
2.32149076461792,0.6828889846801758,3.0043797492980957,2.209733724594116,33,660,264,5959,5959,2,75.74198461600008,1.138351285000681,76.88037578700005
2.4975087642669678,0.6029438376426697,3.1004526615142822,2.362471103668213,33,660,264,5959,5959,3,75.74198461600008,1.138351285000681,76.88037866200011
2.2375545501708984,0.5629138946533203,2.8004684448242188,2.2025160789489746,33,660,264,5959,5959,4,75.74198461600008,1.138351285000681,76.88038056599999
2.2330424785614014,0.5609803199768066,2.794022798538208,2.2216005325317383,33,660,264,5959,5959,5,75.74198461600008,1.138351285000681,76.88038234899977
2.0754427909851074,0.4802384674549103,2.5556812286376953,2.13523006439209,33,660,264,5959,5959,6,75.74198461600008,1.138351285000681,76.88038399300058
2.359956979751587,0.5294040441513062,2.8893609046936035,2.4012210369110107,33,660,264,5959,5959,7,75.74198461600008,1.138351285000681,76.88038562600013
2.386950969696045,0.34540024399757385,2.732351303100586,2.348113536834717,33,660,264,5959,5959,8,75.74198461600008,1.138351285000681,76.88038731899996
2.220974922180176,0.5363795161247253,2.757354497909546,2.2851181030273438,34,680,272,6125,6125,1,71.35396789900005,1.228646053000375,72.58264545200018
1.9751558303833008,0.3355971574783325,2.3107528686523438,2.1374199390411377,34,680,272,6125,6125,2,71.35396789900005,1.228646053000375,72.5826533669997
1.9738589525222778,0.307777464389801,2.2816364765167236,2.097240924835205,34,680,272,6125,6125,3,71.35396789900005,1.228646053000375,72.58265713399942
2.172497510910034,0.6024169325828552,2.774914503097534,2.299879789352417,34,680,272,6125,6125,4,71.35396789900005,1.228646053000375,72.5826605909997
2.505805492401123,0.4591255486011505,2.964931011199951,2.432112216949463,34,680,272,6125,6125,5,71.35396789900005,1.228646053000375,72.58266340599948
2.0691347122192383,0.6022007465362549,2.671335458755493,2.243320941925049,34,680,272,6125,6125,6,71.35396789900005,1.228646053000375,72.58266643200022
2.3738973140716553,0.43025726079940796,2.804154634475708,2.4011189937591553,34,680,272,6125,6125,7,71.35396789900005,1.228646053000375,72.58266914700016
2.472132444381714,0.6048146486282349,3.0769472122192383,2.3391709327697754,34,680,272,6125,6125,8,71.35396789900005,1.228646053000375,72.58267164100016
1.9287630319595337,0.630607545375824,2.559370517730713,2.0703842639923096,35,700,280,6293,6293,1,114.63895066900022,1.2157928949991401,115.85477637700023
2.3463826179504395,0.4364269971847534,2.7828097343444824,2.434034824371338,35,700,280,6293,6293,2,114.63895066900022,1.2157928949991401,115.85478236800009
1.9690824747085571,0.47341248393058777,2.4424948692321777,2.0718414783477783,35,700,280,6293,6293,3,114.63895066900022,1.2157928949991401,115.85478520300057
2.1357202529907227,0.4372495710849762,2.572969913482666,2.229539632797241,35,700,280,6293,6293,4,114.63895066900022,1.2157928949991401,115.85478694700032
2.353368043899536,0.41270431876182556,2.7660722732543945,2.092271566390991,35,700,280,6293,6293,5,114.63895066900022,1.2157928949991401,115.85478895100005
2.3661837577819824,0.5079379081726074,2.87412166595459,2.322007417678833,35,700,280,6293,6293,6,114.63895066900022,1.2157928949991401,115.85479089399996
1.9311046600341797,0.18802453577518463,2.119129180908203,1.8651912212371826,35,700,280,6293,6293,7,114.63895066900022,1.2157928949991401,115.85479292800028
2.095633029937744,0.4426811933517456,2.5383143424987793,2.0871050357818604,35,700,280,6293,6293,8,114.63895066900022,1.2157928949991401,115.8547946409999
2.1343071460723877,0.5258157253265381,2.660122871398926,2.1567800045013428,36,720,288,6476,6476,1,108.13286566199986,1.3518012499998804,109.4847200739996
2.0854074954986572,0.41992929577827454,2.5053367614746094,1.9528682231903076,36,720,288,6476,6476,2,108.13286566199986,1.3518012499998804,109.48473004299922
2.4942235946655273,0.4175911247730255,2.9118146896362305,2.445011854171753,36,720,288,6476,6476,3,108.13286566199986,1.3518012499998804,109.48473468099928
2.2169950008392334,0.2395779937505722,2.456573009490967,2.1354758739471436,36,720,288,6476,6476,4,108.13286566199986,1.3518012499998804,109.48473869899954
1.733745813369751,0.38126659393310547,2.1150124073028564,1.8536736965179443,36,720,288,6476,6476,5,108.13286566199986,1.3518012499998804,109.48474175499996
2.079754114151001,0.34232160449028015,2.4220757484436035,2.014662504196167,36,720,288,6476,6476,6,108.13286566199986,1.3518012499998804,109.48474456999975
2.3118693828582764,0.17602598667144775,2.4878954887390137,2.296950578689575,36,720,288,6476,6476,7,108.13286566199986,1.3518012499998804,109.48474744599935
2.404071569442749,0.5271995663642883,2.9312710762023926,2.50026535987854,36,720,288,6476,6476,8,108.13286566199986,1.3518012499998804,109.48475007099933
2.291294813156128,0.5126383304595947,2.8039331436157227,2.2697229385375977,37,740,296,6641,6641,1,53.43834117699953,1.054515597000318,54.4928857620007
1.8894554376602173,0.4363134205341339,2.3257689476013184,2.1048057079315186,37,740,296,6641,6641,2,53.43834117699953,1.054515597000318,54.49289134300034
2.3458378314971924,0.3303402066230774,2.676177978515625,2.3765344619750977,37,740,296,6641,6641,3,53.43834117699953,1.054515597000318,54.492894359000275
1.9693448543548584,0.606904149055481,2.576249122619629,2.1664509773254395,37,740,296,6641,6641,4,53.43834117699953,1.054515597000318,54.49289687400051
2.4009335041046143,0.6291144490242004,3.03004789352417,2.5064845085144043,37,740,296,6641,6641,5,53.43834117699953,1.054515597000318,54.49289906800004
2.1764259338378906,0.5392265319824219,2.7156524658203125,2.2916550636291504,37,740,296,6641,6641,6,53.43834117699953,1.054515597000318,54.492901422000614
2.2596402168273926,0.49950510263442993,2.7591452598571777,2.3714687824249268,37,740,296,6641,6641,7,53.43834117699953,1.054515597000318,54.49290350699994
2.3730669021606445,0.2771366834640503,2.6502037048339844,2.380391836166382,37,740,296,6641,6641,8,53.43834117699953,1.054515597000318,54.49290534000011
2.1188464164733887,0.5129343271255493,2.6317806243896484,2.090689182281494,38,760,304,6817,6817,1,60.55299132500022,1.0705338599991592,61.62356162300057
2.4323201179504395,0.38925954699516296,2.821579694747925,2.352959156036377,38,760,304,6817,6817,2,60.55299132500022,1.0705338599991592,61.62356953900053
2.0655429363250732,0.3732883334159851,2.438831329345703,2.0665395259857178,38,760,304,6817,6817,3,60.55299132500022,1.0705338599991592,61.623573175000274
1.7844955921173096,0.7219846844673157,2.5064802169799805,1.8601998090744019,38,760,304,6817,6817,4,60.55299132500022,1.0705338599991592,61.62357713300025
2.498481273651123,0.535999059677124,3.034480333328247,2.337489366531372,38,760,304,6817,6817,5,60.55299132500022,1.0705338599991592,61.62358000900076
1.9567503929138184,0.35651054978370667,2.313261032104492,1.9829412698745728,38,760,304,6817,6817,6,60.55299132500022,1.0705338599991592,61.62358296399998
2.143259048461914,0.43343979120254517,2.5766987800598145,2.0261597633361816,38,760,304,6817,6817,7,60.55299132500022,1.0705338599991592,61.62358592000055
2.1269922256469727,0.4029790163040161,2.529971122741699,2.04431414604187,38,760,304,6817,6817,8,60.55299132500022,1.0705338599991592,61.62358850500004
2.1803152561187744,0.49030280113220215,2.6706180572509766,2.0362110137939453,39,780,312,6965,6965,1,54.89241995800057,1.20521432500027,56.097681313000066
2.252319812774658,0.38111013174057007,2.633430004119873,2.20792818069458,39,780,312,6965,6965,2,54.89241995800057,1.20521432500027,56.09775445200012
2.3961360454559326,0.43293410539627075,2.8290700912475586,2.28371524810791,39,780,312,6965,6965,3,54.89241995800057,1.20521432500027,56.09776261800016
2.2641408443450928,0.43872326612472534,2.702864170074463,2.0836424827575684,39,780,312,6965,6965,4,54.89241995800057,1.20521432500027,56.097767317000034
2.127041816711426,0.37559980154037476,2.5026416778564453,2.073328733444214,39,780,312,6965,6965,5,54.89241995800057,1.20521432500027,56.0977713150005
2.1304612159729004,0.443318247795105,2.573779582977295,2.1609256267547607,39,780,312,6965,6965,6,54.89241995800057,1.20521432500027,56.0977743200001
2.0231993198394775,0.5778395533561707,2.601038932800293,2.15495228767395,39,780,312,6965,6965,7,54.89241995800057,1.20521432500027,56.09777963099987
2.1457931995391846,0.5992147922515869,2.7450079917907715,2.3469133377075195,39,780,312,6965,6965,8,54.89241995800057,1.20521432500027,56.09778386900052
2.2596304416656494,0.4786723852157593,2.738302707672119,2.272202730178833,40,800,320,7136,7136,1,50.77853603299991,1.3223319440003252,52.100902572999985
2.1322810649871826,0.4521103501319885,2.5843913555145264,2.348961353302002,40,800,320,7136,7136,2,50.77853603299991,1.3223319440003252,52.10090871400007
2.2794976234436035,0.4516393840312958,2.7311370372772217,2.445847988128662,40,800,320,7136,7136,3,50.77853603299991,1.3223319440003252,52.10091159999956
1.9649269580841064,0.49839282035827637,2.463319778442383,2.130652904510498,40,800,320,7136,7136,4,50.77853603299991,1.3223319440003252,52.10091439499956
1.8872368335723877,0.6312328577041626,2.51846981048584,1.984203815460205,40,800,320,7136,7136,5,50.77853603299991,1.3223319440003252,52.1009163990002
2.3171048164367676,0.5781615972518921,2.895266532897949,2.390801191329956,40,800,320,7136,7136,6,50.77853603299991,1.3223319440003252,52.10091847300009
1.960982322692871,0.2837969958782196,2.244779348373413,1.9280476570129395,40,800,320,7136,7136,7,50.77853603299991,1.3223319440003252,52.100920406000114
1.8546874523162842,0.581753134727478,2.4364404678344727,1.9094845056533813,40,800,320,7136,7136,8,50.77853603299991,1.3223319440003252,52.10092222000003
2.2303388118743896,0.3877049386501312,2.6180436611175537,2.079720973968506,41,820,328,7301,7301,1,50.85661865699967,1.113893284000369,51.97055265900053
2.110860586166382,0.46006330847740173,2.5709238052368164,1.9437190294265747,41,820,328,7301,7301,2,50.85661865699967,1.113893284000369,51.970560775000195
2.072648048400879,0.6013872027397156,2.6740353107452393,2.0794286727905273,41,820,328,7301,7301,3,50.85661865699967,1.113893284000369,51.970564721999835
2.2288317680358887,0.346527099609375,2.5753588676452637,2.1989645957946777,41,820,328,7301,7301,4,50.85661865699967,1.113893284000369,51.970567698000195
2.353403329849243,0.22240056097507477,2.5758039951324463,2.3262500762939453,41,820,328,7301,7301,5,50.85661865699967,1.113893284000369,51.9705707030007
1.996476650238037,0.43805742263793945,2.4345340728759766,2.043771982192993,41,820,328,7301,7301,6,50.85661865699967,1.113893284000369,51.97057347900045
2.010927200317383,0.26886844635009766,2.2797956466674805,2.0611891746520996,41,820,328,7301,7301,7,50.85661865699967,1.113893284000369,51.97057583300011
2.21305513381958,0.6672728657722473,2.8803279399871826,2.130403995513916,41,820,328,7301,7301,8,50.85661865699967,1.113893284000369,51.97057805700024
1.8480056524276733,0.3573397696018219,2.205345392227173,1.8719279766082764,42,840,336,7457,7457,1,55.64255875900017,1.1081182420002733,56.75071050400038
2.013946771621704,0.3115389347076416,2.3254857063293457,1.9575012922286987,42,840,336,7457,7457,2,55.64255875900017,1.1081182420002733,56.75071814900002
2.2314984798431396,0.3630063831806183,2.5945048332214355,2.2186665534973145,42,840,336,7457,7457,3,55.64255875900017,1.1081182420002733,56.750721716000044
1.9847478866577148,0.44469526410102844,2.429443120956421,1.9542765617370605,42,840,336,7457,7457,4,55.64255875900017,1.1081182420002733,56.750725122000404
2.314223051071167,0.5448944568634033,2.8591175079345703,2.3446178436279297,42,840,336,7457,7457,5,55.64255875900017,1.1081182420002733,56.750728078000066
2.237051010131836,0.19318655133247375,2.4302375316619873,2.2378931045532227,42,840,336,7457,7457,6,55.64255875900017,1.1081182420002733,56.750730793
2.26417875289917,0.26289862394332886,2.5270774364471436,2.3110671043395996,42,840,336,7457,7457,7,55.64255875900017,1.1081182420002733,56.75073363800038
1.9485357999801636,0.24074552953243256,2.1892812252044678,2.1880178451538086,42,840,336,7457,7457,8,55.64255875900017,1.1081182420002733,56.75073641400013
2.3604376316070557,0.7474161386489868,3.107853889465332,2.4040822982788086,43,860,344,7645,7645,1,72.57489503399938,1.0449324880000859,73.6198547240001
2.562140703201294,0.5305880904197693,3.092728853225708,2.552159547805786,43,860,344,7645,7645,2,72.57489503399938,1.0449324880000859,73.61986045499998
2.24912428855896,0.4194554090499878,2.668579578399658,2.2262158393859863,43,860,344,7645,7645,3,72.57489503399938,1.0449324880000859,73.61986321999939
2.1948091983795166,0.3171115517616272,2.511920690536499,2.248124361038208,43,860,344,7645,7645,4,72.57489503399938,1.0449324880000859,73.61986536399945
2.0931036472320557,0.43525755405426025,2.5283613204956055,2.1183900833129883,43,860,344,7645,7645,5,72.57489503399938,1.0449324880000859,73.61986711699956
2.14383602142334,0.4144083559513092,2.558244466781616,2.2549519538879395,43,860,344,7645,7645,6,72.57489503399938,1.0449324880000859,73.61986887100011
2.2095658779144287,0.34360429644584656,2.5531702041625977,2.1996304988861084,43,860,344,7645,7645,7,72.57489503399938,1.0449324880000859,73.61987041300017
2.290842294692993,0.1636877804994583,2.4545300006866455,2.103050947189331,43,860,344,7645,7645,8,72.57489503399938,1.0449324880000859,73.61987247700017
1.930139183998108,0.11154995858669281,2.041689157485962,1.9130854606628418,44,880,352,7787,7787,1,54.44715402700058,0.9719368859996393,55.419119479000074
2.274976968765259,0.4404011368751526,2.7153780460357666,2.269026517868042,44,880,352,7787,7787,2,54.44715402700058,0.9719368859996393,55.419125841000096
1.908825397491455,0.5054142475128174,2.4142396450042725,1.9051424264907837,44,880,352,7787,7787,3,54.44715402700058,0.9719368859996393,55.419129568000244
2.3153345584869385,0.6366161704063416,2.951950788497925,2.2024199962615967,44,880,352,7787,7787,4,54.44715402700058,0.9719368859996393,55.419133445000625
2.5068020820617676,0.3397362232208252,2.8465383052825928,2.2871015071868896,44,880,352,7787,7787,5,54.44715402700058,0.9719368859996393,55.419139467000605
2.0931248664855957,0.5905154943466187,2.683640480041504,2.235166549682617,44,880,352,7787,7787,6,54.44715402700058,0.9719368859996393,55.41914494699995
1.8938452005386353,0.3562523424625397,2.2500975131988525,1.9318517446517944,44,880,352,7787,7787,7,54.44715402700058,0.9719368859996393,55.41914838400044
1.9572033882141113,0.28908833861351013,2.2462916374206543,2.0850236415863037,44,880,352,7787,7787,8,54.44715402700058,0.9719368859996393,55.419151199000225
1.8978338241577148,0.5313080549240112,2.4291419982910156,2.0031967163085938,45,900,360,7972,7972,1,61.865512067000054,1.1063354810003148,62.97188367800027
1.946075439453125,0.27168768644332886,2.2177631855010986,2.0469706058502197,45,900,360,7972,7972,2,61.865512067000054,1.1063354810003148,62.97189135299959
1.9534980058670044,0.4650273323059082,2.418525218963623,2.124595880508423,45,900,360,7972,7972,3,61.865512067000054,1.1063354810003148,62.97189552100008
2.2092223167419434,0.4061422348022461,2.6153645515441895,2.178408622741699,45,900,360,7972,7972,4,61.865512067000054,1.1063354810003148,62.971898595999846
2.307691812515259,0.5709105134010315,2.8786022663116455,2.3096466064453125,45,900,360,7972,7972,5,61.865512067000054,1.1063354810003148,62.97190139200029
2.135866641998291,0.5744675397872925,2.710334300994873,2.0643434524536133,45,900,360,7972,7972,6,61.865512067000054,1.1063354810003148,62.971904027000164
2.0344932079315186,0.5397826433181763,2.5742759704589844,2.086380958557129,45,900,360,7972,7972,7,61.865512067000054,1.1063354810003148,62.971906822000165
2.114668607711792,0.48691949248313904,2.601588010787964,2.0640461444854736,45,900,360,7972,7972,8,61.865512067000054,1.1063354810003148,62.97190940699966
2.043893814086914,0.44890904426574707,2.492802858352661,1.9952523708343506,46,920,368,8127,8127,1,64.84189780399993,1.110908431000098,65.95284132100005
2.400857925415039,0.4495328366756439,2.850390672683716,2.3596994876861572,46,920,368,8127,8127,2,64.84189780399993,1.110908431000098,65.95284774300035
2.0629656314849854,0.6916816830635071,2.7546472549438477,1.880629539489746,46,920,368,8127,8127,3,64.84189780399993,1.110908431000098,65.95285091900041
2.011873722076416,0.25462618470191956,2.2664999961853027,2.0614259243011475,46,920,368,8127,8127,4,64.84189780399993,1.110908431000098,65.95285394500024
1.9066181182861328,0.7351547479629517,2.641772747039795,1.9220614433288574,46,920,368,8127,8127,5,64.84189780399993,1.110908431000098,65.95285582900033
2.034191608428955,0.5081334114074707,2.542325019836426,1.9852207899093628,46,920,368,8127,8127,6,64.84189780399993,1.110908431000098,65.95285771199997
2.2892074584960938,0.23851719498634338,2.5277247428894043,2.3973870277404785,46,920,368,8127,8127,7,64.84189780399993,1.110908431000098,65.9528594250005
2.606400966644287,0.52032071352005,3.1267216205596924,2.5347418785095215,46,920,368,8127,8127,8,64.84189780399993,1.110908431000098,65.95286110899997
2.0844740867614746,0.5353026986122131,2.619776725769043,2.1149675846099854,47,940,376,8302,8302,1,73.18770490900079,1.147275536000052,74.3350183069997
2.3547704219818115,0.44119322299957275,2.795963764190674,2.219719171524048,47,940,376,8302,8302,2,73.18770490900079,1.147275536000052,74.33502623200002
2.299531936645508,0.3473275899887085,2.646859645843506,2.314624547958374,47,940,376,8302,8302,3,73.18770490900079,1.147275536000052,74.33503006899991
1.9723179340362549,0.45551496744155884,2.427832841873169,2.1462039947509766,47,940,376,8302,8302,4,73.18770490900079,1.147275536000052,74.33503324499998
1.9936860799789429,0.3648284077644348,2.3585145473480225,2.1390187740325928,47,940,376,8302,8302,5,73.18770490900079,1.147275536000052,74.335036081
2.2399537563323975,0.3368286192417145,2.576782464981079,2.3506646156311035,47,940,376,8302,8302,6,73.18770490900079,1.147275536000052,74.33503880599983
1.8897161483764648,0.3389641046524048,2.22868013381958,1.8751851320266724,47,940,376,8302,8302,7,73.18770490900079,1.147275536000052,74.3350411499996
2.191666841506958,0.33789655566215515,2.5295634269714355,2.292318344116211,47,940,376,8302,8302,8,73.18770490900079,1.147275536000052,74.33504358499977
2.017463207244873,0.31573572754859924,2.3331990242004395,1.9725618362426758,48,960,384,8474,8474,1,68.07236229199953,1.177714616999765,69.25011197599997
2.3832178115844727,0.44281986355781555,2.826037645339966,2.1942601203918457,48,960,384,8474,8474,2,68.07236229199953,1.177714616999765,69.25012093300029
2.12982439994812,0.4861602187156677,2.6159846782684326,2.2092761993408203,48,960,384,8474,8474,3,68.07236229199953,1.177714616999765,69.25012513099955
1.954404354095459,0.47471678256988525,2.4291210174560547,2.026719808578491,48,960,384,8474,8474,4,68.07236229199953,1.177714616999765,69.25012878800044
1.8892412185668945,0.43680909276008606,2.326050281524658,1.825634479522705,48,960,384,8474,8474,5,68.07236229199953,1.177714616999765,69.25013187399963
2.4744131565093994,0.4831012785434723,2.957514524459839,2.3696444034576416,48,960,384,8474,8474,6,68.07236229199953,1.177714616999765,69.2501386570002
2.202531576156616,0.4254601001739502,2.6279916763305664,2.030669927597046,48,960,384,8474,8474,7,68.07236229199953,1.177714616999765,69.25014436800029
2.010761260986328,0.40996086597442627,2.420722007751465,2.011927604675293,48,960,384,8474,8474,8,68.07236229199953,1.177714616999765,69.25014748400008
2.248462200164795,0.39184093475341797,2.640303134918213,2.272341728210449,49,980,392,8630,8630,1,44.61668642999939,1.06706047499938,45.68377551000049
2.4734606742858887,0.500349223613739,2.9738099575042725,2.2596375942230225,49,980,392,8630,8630,2,44.61668642999939,1.06706047499938,45.68378099000074
2.0762176513671875,0.4707058370113373,2.5469233989715576,1.989670991897583,49,980,392,8630,8630,3,44.61668642999939,1.06706047499938,45.68378366500019
1.8982863426208496,0.3117646872997284,2.2100510597229004,1.960144281387329,49,980,392,8630,8630,4,44.61668642999939,1.06706047499938,45.68378579
2.343247175216675,0.33995911478996277,2.68320631980896,2.373955488204956,49,980,392,8630,8630,5,44.61668642999939,1.06706047499938,45.68378749300064
1.842325210571289,0.21333324909210205,2.0556583404541016,2.001891613006592,49,980,392,8630,8630,6,44.61668642999939,1.06706047499938,45.68378926600053
2.2286901473999023,0.32052838802337646,2.5492186546325684,2.336031913757324,49,980,392,8630,8630,7,44.61668642999939,1.06706047499938,45.683790729000066
2.336087703704834,0.4577028453350067,2.793790578842163,2.369568109512329,49,980,392,8630,8630,8,44.61668642999939,1.06706047499938,45.68379255200034
2.124405860900879,0.3517007827758789,2.476106643676758,2.132359504699707,50,1000,400,8786,8786,1,79.49544240799969,1.3227018079996924,80.81817906299966
2.1872003078460693,0.35244181752204895,2.539642095565796,2.2434592247009277,50,1000,400,8786,8786,2,79.49544240799969,1.3227018079996924,80.81818763899992
2.1740574836730957,0.41185659170150757,2.585914134979248,2.109274387359619,50,1000,400,8786,8786,3,79.49544240799969,1.3227018079996924,80.81819217799966
2.0727908611297607,0.4906544089317322,2.5634453296661377,2.0639514923095703,50,1000,400,8786,8786,4,79.49544240799969,1.3227018079996924,80.81819632499992
1.92377769947052,0.4905816614627838,2.4143593311309814,2.052561044692993,50,1000,400,8786,8786,5,79.49544240799969,1.3227018079996924,80.81819996200011
2.0565876960754395,0.1817745715379715,2.2383623123168945,2.019366979598999,50,1000,400,8786,8786,6,79.49544240799969,1.3227018079996924,80.8182033789999
2.0825939178466797,0.47456595301628113,2.557159900665283,2.2480616569519043,50,1000,400,8786,8786,7,79.49544240799969,1.3227018079996924,80.8182066649997
1.9597748517990112,0.4069325625896454,2.3667073249816895,1.9830834865570068,50,1000,400,8786,8786,8,79.49544240799969,1.3227018079996924,80.8182100920003
2.1669723987579346,0.6861234307289124,2.853095769882202,2.1704273223876953,51,1020,408,8961,8961,1,87.81521565599996,1.3835777690001123,89.19884384100078
1.7914400100708008,0.24760128557682037,2.03904128074646,1.901064157485962,51,1020,408,8961,8961,2,87.81521565599996,1.3835777690001123,89.198852988
2.346308469772339,0.5683313608169556,2.914639949798584,2.1886842250823975,51,1020,408,8961,8961,3,87.81521565599996,1.3835777690001123,89.19885750700087
2.369922637939453,0.5537139177322388,2.9236364364624023,2.2909836769104004,51,1020,408,8961,8961,4,87.81521565599996,1.3835777690001123,89.19886097400013
2.1696457862854004,0.4579879939556122,2.627633810043335,2.320651054382324,51,1020,408,8961,8961,5,87.81521565599996,1.3835777690001123,89.1988640490008
2.2056984901428223,0.6153639554977417,2.8210625648498535,2.1783151626586914,51,1020,408,8961,8961,6,87.81521565599996,1.3835777690001123,89.19886709500042
2.107362985610962,0.46054932475090027,2.5679123401641846,2.118126392364502,51,1020,408,8961,8961,7,87.81521565599996,1.3835777690001123,89.19887011100036
2.043991804122925,0.37497448921203613,2.418966293334961,2.039428234100342,51,1020,408,8961,8961,8,87.81521565599996,1.3835777690001123,89.19887323700004
1.8306896686553955,0.26565614342689514,2.096345901489258,1.8949488401412964,52,1040,416,9104,9104,1,66.17628957899979,1.083854577999773,67.26017048699941
1.8622887134552002,0.38192903995513916,2.244217872619629,1.9500035047531128,52,1040,416,9104,9104,2,66.17628957899979,1.083854577999773,67.2601762079994
1.814660668373108,0.5731608867645264,2.387821674346924,1.8848210573196411,52,1040,416,9104,9104,3,66.17628957899979,1.083854577999773,67.26017896299982
1.9156477451324463,0.4793182909488678,2.3949661254882812,1.9604846239089966,52,1040,416,9104,9104,4,66.17628957899979,1.083854577999773,67.2601807559995
2.1620655059814453,0.49880391359329224,2.6608693599700928,2.2321224212646484,52,1040,416,9104,9104,5,66.17628957899979,1.083854577999773,67.26018249999925
1.8584871292114258,0.38040030002593994,2.238887310028076,1.8336188793182373,52,1040,416,9104,9104,6,66.17628957899979,1.083854577999773,67.26018406299954
2.503140687942505,0.2744108736515045,2.7775516510009766,2.1979570388793945,52,1040,416,9104,9104,7,66.17628957899979,1.083854577999773,67.26018565599952
2.0369889736175537,0.39436501264572144,2.43135404586792,2.11993145942688,52,1040,416,9104,9104,8,66.17628957899979,1.083854577999773,67.26018729899988
1.9888967275619507,0.5506646037101746,2.5395612716674805,2.062171459197998,53,1060,424,9274,9274,1,73.06115323499944,1.0770404220002092,74.13822880599946
2.4610483646392822,0.16612498462200165,2.62717342376709,2.503887891769409,53,1060,424,9274,9274,2,73.06115323499944,1.0770404220002092,74.13823474699984
2.315382957458496,0.5229970812797546,2.8383800983428955,2.2082338333129883,53,1060,424,9274,9274,3,73.06115323499944,1.0770404220002092,74.13823733199933
2.0757386684417725,0.4757733941078186,2.5515120029449463,2.0811522006988525,53,1060,424,9274,9274,4,73.06115323499944,1.0770404220002092,74.13823955599946
2.171950101852417,0.38710862398147583,2.559058666229248,2.1618990898132324,53,1060,424,9274,9274,5,73.06115323499944,1.0770404220002092,74.13824127999942
2.121393918991089,0.521674633026123,2.643068552017212,2.163081407546997,53,1060,424,9274,9274,6,73.06115323499944,1.0770404220002092,74.13824294299957
2.080965280532837,0.3943394422531128,2.47530460357666,1.9376137256622314,53,1060,424,9274,9274,7,73.06115323499944,1.0770404220002092,74.1382444359997
2.1956541538238525,0.3058081269264221,2.50146222114563,2.230736494064331,53,1060,424,9274,9274,8,73.06115323499944,1.0770404220002092,74.13824581799963
1.9076694250106812,0.49124714732170105,2.398916482925415,1.926590919494629,54,1080,432,9433,9433,1,65.99455226400005,1.1404076190001433,67.13499617199977
2.2099449634552,0.6695151329040527,2.879460096359253,2.066096305847168,54,1080,432,9433,9433,2,65.99455226400005,1.1404076190001433,67.13500310499967
1.9426910877227783,0.532477080821991,2.475168228149414,2.0247128009796143,54,1080,432,9433,9433,3,65.99455226400005,1.1404076190001433,67.13500682199992
2.107616901397705,0.3362393081188202,2.4438562393188477,2.2523155212402344,54,1080,432,9433,9433,4,65.99455226400005,1.1404076190001433,67.1350097579998
2.1608035564422607,0.3135623335838318,2.4743659496307373,2.245356559753418,54,1080,432,9433,9433,5,65.99455226400005,1.1404076190001433,67.13501233199986
2.2389464378356934,0.3910122215747833,2.6299586296081543,2.228156566619873,54,1080,432,9433,9433,6,65.99455226400005,1.1404076190001433,67.1350148370002
2.0987753868103027,0.28892746567726135,2.3877029418945312,2.0603137016296387,54,1080,432,9433,9433,7,65.99455226400005,1.1404076190001433,67.13501725199967
2.2830986976623535,0.4063814580440521,2.6894800662994385,2.347590446472168,54,1080,432,9433,9433,8,65.99455226400005,1.1404076190001433,67.1350197669999
1.8680710792541504,0.32481539249420166,2.1928863525390625,1.9286186695098877,55,1100,440,9588,9588,1,62.96957361499972,1.2351458960001764,64.204752052
2.1777515411376953,0.2958332300186157,2.4735846519470215,2.207935094833374,55,1100,440,9588,9588,2,62.96957361499972,1.2351458960001764,64.20475956599967
2.2017297744750977,0.1879405379295349,2.3896703720092773,2.235590934753418,55,1100,440,9588,9588,3,62.96957361499972,1.2351458960001764,64.20476333299939
2.2950448989868164,0.7217400074005127,3.016784906387329,2.260585308074951,55,1100,440,9588,9588,4,62.96957361499972,1.2351458960001764,64.20476675999998
2.0555310249328613,0.4153302311897278,2.4708611965179443,2.1178226470947266,55,1100,440,9588,9588,5,62.96957361499972,1.2351458960001764,64.20476990599946
1.8329052925109863,0.3664313852787018,2.1993367671966553,1.9816091060638428,55,1100,440,9588,9588,6,62.96957361499972,1.2351458960001764,64.20477286099958
2.006556272506714,0.44010651111602783,2.4466629028320312,2.0855748653411865,55,1100,440,9588,9588,7,62.96957361499972,1.2351458960001764,64.20477557699996
2.2528672218322754,0.5404486060142517,2.793315887451172,2.309885025024414,55,1100,440,9588,9588,8,62.96957361499972,1.2351458960001764,64.20477834199937
2.08744215965271,0.6644478440284729,2.751889944076538,2.2431743144989014,56,1120,448,9739,9739,1,61.85627317299986,1.1610041730000376,63.017315398999926
1.8127882480621338,0.30874431133270264,2.121532440185547,1.6649173498153687,56,1120,448,9739,9739,2,61.85627317299986,1.1610041730000376,63.01732269200056
1.9852089881896973,0.5870862007141113,2.5722951889038086,2.012381076812744,56,1120,448,9739,9739,3,61.85627317299986,1.1610041730000376,63.01732658000037
2.209859848022461,0.583173930644989,2.7930338382720947,2.073629379272461,56,1120,448,9739,9739,4,61.85627317299986,1.1610041730000376,63.017329355000584
1.9684386253356934,0.37400659918785095,2.342445135116577,1.9909310340881348,56,1120,448,9739,9739,5,61.85627317299986,1.1610041730000376,63.01733173000048
2.382404327392578,0.3736213445663452,2.756025791168213,2.35111927986145,56,1120,448,9739,9739,6,61.85627317299986,1.1610041730000376,63.017334264000056
2.265666961669922,0.5290819406509399,2.7947487831115723,2.2367310523986816,56,1120,448,9739,9739,7,61.85627317299986,1.1610041730000376,63.01733710999997
2.2736597061157227,0.42892682552337646,2.7025866508483887,2.2544665336608887,56,1120,448,9739,9739,8,61.85627317299986,1.1610041730000376,63.01733992500067
1.913930058479309,0.32568931579589844,2.239619255065918,1.9082279205322266,57,1140,456,9895,9895,1,81.3383893399996,1.3927401579994694,82.73116415299955
2.440183401107788,0.795714795589447,3.23589825630188,2.405512809753418,57,1140,456,9895,9895,2,81.3383893399996,1.3927401579994694,82.73117059499964
1.81508207321167,0.3617832362651825,2.176865339279175,1.9058690071105957,57,1140,456,9895,9895,3,81.3383893399996,1.3927401579994694,82.73117352999998
1.8138377666473389,0.6096067428588867,2.4234445095062256,1.8605268001556396,57,1140,456,9895,9895,4,81.3383893399996,1.3927401579994694,82.73117561399977
2.1912500858306885,0.47002342343330383,2.66127347946167,2.1389737129211426,57,1140,456,9895,9895,5,81.3383893399996,1.3927401579994694,82.7311773779993
1.9825012683868408,0.4171856641769409,2.399686813354492,2.0385515689849854,57,1140,456,9895,9895,6,81.3383893399996,1.3927401579994694,82.73117902099966
2.048046588897705,0.4991222023963928,2.547168731689453,2.0632193088531494,57,1140,456,9895,9895,7,81.3383893399996,1.3927401579994694,82.7311812349999
1.9912035465240479,0.4426611065864563,2.4338645935058594,2.023632526397705,57,1140,456,9895,9895,8,81.3383893399996,1.3927401579994694,82.73118273799992
1.9952197074890137,0.37601348757743835,2.3712332248687744,2.0624260902404785,58,1160,464,10065,10065,1,97.7187785570004,1.5678757089999635,99.28669990199978
1.7598228454589844,0.5027824640274048,2.2626051902770996,1.8175257444381714,58,1160,464,10065,10065,2,97.7187785570004,1.5678757089999635,99.28670931000033
2.169665575027466,0.38877540826797485,2.558440923690796,2.1625876426696777,58,1160,464,10065,10065,3,97.7187785570004,1.5678757089999635,99.28671333700004
2.04300856590271,0.4001755118370056,2.4431841373443604,2.095543146133423,58,1160,464,10065,10065,4,97.7187785570004,1.5678757089999635,99.28671725499953
1.8838438987731934,0.4498923420906067,2.3337361812591553,1.930021047592163,58,1160,464,10065,10065,5,97.7187785570004,1.5678757089999635,99.2867211619996
1.9850163459777832,0.41905978322029114,2.404076099395752,1.9328252077102661,58,1160,464,10065,10065,6,97.7187785570004,1.5678757089999635,99.28672415799974
2.17464280128479,0.465156227350235,2.639799118041992,2.062560558319092,58,1160,464,10065,10065,7,97.7187785570004,1.5678757089999635,99.28672697299953
2.062826633453369,0.45861589908599854,2.521442413330078,1.8667477369308472,58,1160,464,10065,10065,8,97.7187785570004,1.5678757089999635,99.286729638
2.343784809112549,0.44057705998420715,2.7843618392944336,2.3650643825531006,59,1180,472,10290,10290,1,132.1859634450002,1.2494483609998497,133.43544667300011
2.245673179626465,0.32891303300857544,2.5745861530303955,2.1460678577423096,59,1180,472,10290,10290,2,132.1859634450002,1.2494483609998497,133.43545449800058
2.116004467010498,0.6367028951644897,2.7527074813842773,2.113980770111084,59,1180,472,10290,10290,3,132.1859634450002,1.2494483609998497,133.4354582850001
1.9564526081085205,0.24836237728595734,2.204814910888672,1.966609001159668,59,1180,472,10290,10290,4,132.1859634450002,1.2494483609998497,133.43546163200062
2.224351644515991,0.5143780708312988,2.73872971534729,2.122028350830078,59,1180,472,10290,10290,5,132.1859634450002,1.2494483609998497,133.43546431699997
2.0851335525512695,0.31514912843704224,2.400282621383667,2.150594472885132,59,1180,472,10290,10290,6,132.1859634450002,1.2494483609998497,133.435467022
2.2593441009521484,0.6758129596710205,2.935157060623169,2.3584442138671875,59,1180,472,10290,10290,7,132.1859634450002,1.2494483609998497,133.43546959700052
2.0353639125823975,0.6235594749450684,2.658923387527466,2.1666617393493652,59,1180,472,10290,10290,8,132.1859634450002,1.2494483609998497,133.4354725430003
2.2972757816314697,0.7636903524398804,3.0609660148620605,2.413198232650757,60,1200,480,10440,10440,1,84.24926498400055,1.6954412519999096,85.94474498
1.8512964248657227,0.4729849100112915,2.3242812156677246,1.9393600225448608,60,1200,480,10440,10440,2,84.24926498400055,1.6954412519999096,85.94475607100048
2.025078773498535,0.33833709359169006,2.3634159564971924,2.1870651245117188,60,1200,480,10440,10440,3,84.24926498400055,1.6954412519999096,85.94476126100017
2.2939977645874023,0.43307456374168396,2.727072238922119,2.3088624477386475,60,1200,480,10440,10440,4,84.24926498400055,1.6954412519999096,85.9447655390004
2.056225538253784,0.35047295689582825,2.40669846534729,2.1172091960906982,60,1200,480,10440,10440,5,84.24926498400055,1.6954412519999096,85.94477531800021
1.7289626598358154,0.5308151245117188,2.259777784347534,1.7731401920318604,60,1200,480,10440,10440,6,84.24926498400055,1.6954412519999096,85.9447804270003
2.0991556644439697,0.5266174077987671,2.6257729530334473,2.0662240982055664,60,1200,480,10440,10440,7,84.24926498400055,1.6954412519999096,85.94478447500023
1.8403820991516113,0.5157728791236877,2.3561549186706543,1.849015474319458,60,1200,480,10440,10440,8,84.24926498400055,1.6954412519999096,85.94478775100015
